Generation,Round,Node,Algorithm,added_s_overhead,added_g_overhead,added_h_overhead
1,4,4,Greedy,32,144,180
1,4,4,Heuristic,32,144,180
1,8,8,Greedy,88,392,464
1,8,8,Heuristic,88,392,464
1,9,0,Greedy,128,440,521
1,9,0,Heuristic,128,440,521
1,9,5,Greedy,160,384,465
1,9,5,Heuristic,160,384,465
1,10,1,Simple,184,552,642
1,10,1,Greedy,184,552,642
1,10,1,Heuristic,184,552,642
1,10,9,Greedy,152,336,426
1,10,9,Heuristic,152,336,426
1,11,6,Greedy,152,488,587
1,11,6,Heuristic,152,488,587
1,14,4,Simple,344,944,803
1,14,5,Simple,344,784,554
1,15,0,Simple,328,920,610
1,15,7,Greedy,320,752,887
1,15,7,Heuristic,320,752,887
1,16,7,Simple,352,832,976
1,16,8,Simple,352,1032,642
1,18,2,Greedy,344,736,403
1,18,2,Heuristic,344,736,403
1,21,6,Simple,488,1288,1210
1,21,9,Simple,504,1216,871
1,27,3,Greedy,424,1344,631
1,29,3,Heuristic,512,1504,631
1,30,2,Simple,832,1696,403
1,30,3,Simple,560,1584,631
2,7,0,Greedy,120,272,335
2,7,0,Heuristic,120,272,335
2,7,8,Greedy,112,256,319
2,7,8,Heuristic,112,256,319
2,8,4,Greedy,144,336,408
2,8,4,Heuristic,144,336,408
2,10,5,Greedy,136,360,450
2,10,5,Heuristic,136,360,450
2,11,1,Greedy,232,600,699
2,11,1,Heuristic,232,600,699
2,11,9,Greedy,128,504,603
2,11,9,Heuristic,128,504,603
2,16,6,Greedy,208,560,704
2,16,6,Heuristic,208,560,704
2,17,7,Greedy,400,944,1097
2,17,7,Heuristic,400,944,1097
2,19,2,Greedy,232,592,536
2,19,2,Heuristic,232,592,536
2,20,3,Greedy,400,904,841
2,20,3,Heuristic,400,904,841
2,21,0,Simple,576,1392,691
2,21,8,Simple,584,1376,675
2,22,4,Simple,624,1456,1120
2,23,1,Simple,680,1560,1233
2,25,5,Simple,720,1560,539
2,26,7,Simple,768,1664,1364
2,26,9,Simple,640,1704,1137
2,30,6,Simple,712,1680,971
2,35,2,Simple,800,1872,536
2,39,3,Simple,1120,2424,841
3,8,0,Greedy,136,304,376
3,8,0,Heuristic,136,304,376
3,8,1,Greedy,120,408,480
3,8,1,Heuristic,120,408,480
3,9,8,Greedy,152,392,473
3,9,8,Heuristic,152,392,473
3,10,9,Greedy,168,464,554
3,10,9,Heuristic,168,464,554
3,11,1,Simple,232,648,747
3,12,4,Greedy,224,560,668
3,12,4,Heuristic,224,560,668
3,12,7,Greedy,184,472,580
3,12,9,Simple,216,624,732
3,13,5,Greedy,328,736,610
3,13,5,Heuristic,328,736,610
3,13,8,Simple,272,712,829
3,14,7,Heuristic,192,632,742
3,15,7,Simple,240,712,831
3,20,3,Greedy,232,856,590
3,20,4,Simple,584,1200,1380
3,20,5,Simple,584,1296,610
3,21,3,Heuristic,240,936,590
3,21,6,Greedy,288,864,1053
3,21,6,Heuristic,288,864,1053
3,22,2,Greedy,240,840,957
3,22,2,Heuristic,240,840,957
3,23,0,Simple,664,1504,732
3,25,3,Simple,376,1256,590
3,29,6,Simple,504,1504,1142
3,34,2,Simple,584,1800,957
4,6,1,Greedy,88,264,318
4,6,1,Heuristic,88,264,318
4,8,5,Greedy,56,344,416
4,8,5,Heuristic,56,344,416
4,8,7,Greedy,120,368,440
4,8,7,Heuristic,120,368,440
4,8,9,Greedy,112,360,432
4,8,9,Heuristic,112,360,432
4,9,8,Greedy,88,384,465
4,9,8,Heuristic,88,384,465
4,10,0,Greedy,120,448,538
4,10,0,Heuristic,120,448,538
4,11,0,Simple,168,528,627
4,12,1,Simple,312,744,852
4,12,4,Greedy,272,632,740
4,12,4,Heuristic,272,632,740
4,12,8,Simple,224,624,732
4,14,4,Simple,312,792,918
4,17,3,Greedy,280,640,224
4,17,3,Heuristic,280,640,224
4,19,6,Greedy,280,968,1139
4,19,6,Heuristic,280,968,1139
4,19,9,Simple,456,1240,432
4,20,5,Simple,464,1304,505
4,21,2,Greedy,336,1000,1027
4,21,2,Heuristic,336,1000,1027
4,23,7,Simple,568,1568,1241
4,27,3,Simple,656,1440,224
4,27,6,Simple,552,1608,1317
4,32,2,Simple,664,1880,1027
5,9,7,Greedy,104,320,401
5,9,7,Heuristic,104,320,401
5,9,9,Greedy,160,400,481
5,9,9,Heuristic,160,400,481
5,10,1,Greedy,240,480,570
5,10,1,Heuristic,240,480,570
5,10,5,Greedy,144,424,514
5,10,5,Heuristic,144,424,514
5,12,5,Simple,208,584,692
5,14,1,Simple,408,800,926
5,14,9,Simple,312,800,570
5,15,0,Greedy,424,816,951
5,15,0,Heuristic,424,816,951
5,15,8,Greedy,320,848,983
5,15,8,Heuristic,320,848,983
5,16,4,Greedy,424,912,1056
5,16,4,Heuristic,424,912,1056
5,16,7,Simple,288,880,1024
5,17,6,Greedy,288,672,825
5,17,6,Heuristic,288,672,825
5,19,3,Greedy,352,816,297
5,19,3,Heuristic,352,816,297
5,20,8,Simple,456,1248,1072
5,21,2,Greedy,336,824,713
5,21,2,Heuristic,336,824,713
5,22,0,Simple,608,1376,1040
5,24,4,Simple,672,1552,1145
5,25,3,Simple,624,1296,297
5,34,6,Simple,872,2032,1181
5,35,2,Simple,808,1944,713
6,7,1,Greedy,144,352,415
6,7,1,Heuristic,144,352,415
6,8,5,Greedy,160,360,432
6,8,5,Heuristic,160,360,432
6,9,8,Greedy,200,456,537
6,9,8,Heuristic,200,456,537
6,9,9,Greedy,144,344,425
6,9,9,Heuristic,144,344,425
6,10,1,Simple,280,592,682
6,10,7,Greedy,192,496,586
6,10,7,Heuristic,192,496,586
6,11,4,Greedy,224,584,683
6,11,4,Heuristic,224,584,683
6,11,8,Simple,280,616,715
6,12,6,Greedy,192,512,620
6,13,3,Greedy,248,560,450
6,13,4,Simple,312,744,861
6,13,6,Heuristic,208,592,701
6,14,3,Heuristic,288,640,450
6,15,0,Greedy,320,832,643
6,15,0,Heuristic,320,832,643
6,15,2,Greedy,160,600,581
6,15,2,Heuristic,160,600,581
6,15,7,Simple,360,896,942
6,16,5,Simple,376,1000,521
6,16,9,Simple,352,904,514
6,17,3,Simple,408,880,450
6,18,6,Simple,376,992,879
6,22,0,Simple,616,1392,643
6,26,2,Simple,448,1480,581
7,11,4,Greedy,184,456,555
7,11,4,Heuristic,184,456,555
7,14,0,Simple,272,728,854
7,14,0,Greedy,272,728,854
7,14,0,Heuristic,272,728,854
7,14,1,Simple,280,824,950
7,14,1,Greedy,280,824,950
7,14,1,Heuristic,280,824,950
7,14,4,Simple,296,696,822
7,14,8,Simple,288,792,918
7,14,8,Greedy,288,792,918
7,14,8,Heuristic,288,792,918
7,16,5,Greedy,264,872,1016
7,16,5,Heuristic,264,872,1016
7,16,9,Greedy,288,896,1040
7,16,9,Heuristic,288,896,1040
7,17,7,Greedy,368,984,1137
7,17,7,Heuristic,368,984,1137
7,18,6,Greedy,288,680,842
7,18,6,Heuristic,288,680,842
7,19,3,Greedy,328,944,953
7,19,3,Heuristic,328,944,953
7,19,9,Simple,384,1136,1129
7,20,2,Greedy,312,736,762
7,20,5,Simple,360,1192,1016
7,21,2,Heuristic,352,816,762
7,21,6,Simple,392,920,1109
7,22,7,Simple,512,1384,1315
7,27,2,Simple,592,1296,762
7,34,3,Simple,864,2144,953
8,5,1,Greedy,104,208,253
8,5,1,Heuristic,104,208,253
8,6,5,Greedy,144,224,278
8,6,5,Heuristic,144,224,278
8,7,4,Greedy,104,312,375
8,7,4,Heuristic,104,312,375
8,7,8,Greedy,128,296,359
8,7,8,Heuristic,128,296,359
8,8,0,Greedy,88,328,319
8,8,0,Heuristic,88,328,319
8,8,9,Greedy,168,360,432
8,8,9,Heuristic,168,360,432
8,9,4,Simple,184,472,553
8,11,6,Greedy,144,408,491
8,11,6,Heuristic,144,408,491
8,13,6,Simple,200,568,669
8,16,1,Simple,528,1088,1232
8,16,8,Simple,488,1016,448
8,17,2,Greedy,248,688,403
8,17,2,Heuristic,248,688,403
8,17,9,Simple,440,1080,1233
8,18,0,Simple,424,1128,319
8,18,7,Greedy,392,1048,1210
8,20,3,Greedy,344,920,1100
8,22,7,Heuristic,488,1368,1534
8,23,5,Simple,736,1584,456
8,24,7,Simple,560,1528,1712
8,25,2,Simple,560,1328,403
8,25,3,Heuristic,464,1320,1262
8,30,3,Simple,680,1720,1262
9,6,1,Greedy,72,248,302
9,6,1,Heuristic,72,248,302
9,8,0,Greedy,128,328,400
9,8,0,Heuristic,128,328,400
9,8,8,Greedy,88,344,416
9,8,8,Heuristic,88,344,416
9,9,4,Greedy,152,432,513
9,9,4,Heuristic,152,432,513
9,10,7,Greedy,152,440,530
9,10,7,Heuristic,152,440,530
9,11,5,Greedy,144,576,675
9,11,5,Heuristic,144,576,675
9,12,3,Greedy,168,472,426
9,12,3,Heuristic,168,472,426
9,15,6,Greedy,176,624,759
9,15,6,Heuristic,176,624,759
9,15,9,Greedy,176,744,563
9,15,9,Heuristic,176,744,563
9,17,2,Greedy,240,688,687
9,17,2,Heuristic,240,688,687
9,21,1,Simple,632,1448,1103
9,21,7,Simple,496,1320,975
9,21,9,Simple,336,1224,563
9,22,5,Simple,584,1456,1031
9,22,8,Simple,568,1464,683
9,26,0,Simple,832,1768,489
9,26,4,Simple,712,1792,1047
9,29,6,Simple,584,1744,937
9,32,3,Simple,800,2072,426
9,37,2,Simple,784,2288,687
10,7,8,Greedy,80,312,375
10,7,8,Heuristic,80,312,375
10,8,1,Greedy,128,392,464
10,8,1,Heuristic,128,392,464
10,9,5,Greedy,128,384,465
10,9,5,Heuristic,128,384,465
10,10,9,Greedy,128,456,546
10,10,9,Heuristic,128,456,546
10,11,0,Greedy,152,536,635
10,11,0,Heuristic,152,536,635
10,13,4,Greedy,240,736,853
10,13,4,Heuristic,240,736,853
10,13,7,Greedy,88,496,613
10,13,7,Heuristic,88,496,613
10,14,1,Simple,312,872,909
10,16,5,Simple,368,944,554
10,18,0,Simple,304,1096,813
10,18,4,Simple,456,1136,1298
10,18,8,Simple,464,1192,909
10,19,7,Simple,240,976,1147
10,20,9,Simple,456,1256,813
10,21,6,Greedy,400,1112,1301
10,21,6,Heuristic,400,1112,1301
10,24,2,Greedy,400,1224,1197
10,25,3,Greedy,264,1088,509
10,27,3,Heuristic,320,1248,509
10,28,3,Simple,336,1328,509
10,29,2,Heuristic,560,1624,1197
10,30,6,Simple,720,1832,2013
10,33,2,Simple,688,1944,1197
11,6,0,Greedy,72,224,278
11,6,0,Heuristic,72,224,278
11,6,4,Greedy,88,216,270
11,6,4,Heuristic,88,216,270
11,7,8,Greedy,112,272,335
11,7,8,Heuristic,112,272,335
11,12,4,Simple,272,696,804
11,12,6,Greedy,264,536,644
11,12,6,Heuristic,264,536,644
11,13,0,Simple,264,784,901
11,13,5,Greedy,208,576,693
11,13,5,Heuristic,208,576,693
11,13,8,Simple,336,752,869
11,14,1,Greedy,336,712,838
11,14,1,Heuristic,336,712,838
11,14,2,Greedy,224,640,604
11,14,2,Heuristic,224,640,604
11,17,5,Simple,320,896,1049
11,17,9,Greedy,312,816,969
11,17,9,Heuristic,312,816,969
11,18,7,Greedy,384,864,1026
11,18,7,Heuristic,384,864,1026
11,19,1,Simple,544,1112,1194
11,19,9,Simple,384,976,1058
11,20,3,Greedy,328,888,906
11,20,6,Simple,576,1176,822
11,21,3,Heuristic,360,968,906
11,22,2,Simple,472,1280,604
11,45,7,Simple,1400,3024,1293
11,46,3,Simple,1272,2968,906
12,6,4,Greedy,88,232,286
12,6,4,Heuristic,88,232,286
12,7,1,Greedy,144,312,375
12,7,1,Heuristic,144,312,375
12,7,8,Greedy,104,320,383
12,7,8,Heuristic,104,320,383
12,8,5,Greedy,144,296,368
12,8,5,Heuristic,144,296,368
12,8,7,Greedy,112,304,376
12,8,7,Heuristic,112,304,376
12,9,6,Greedy,136,328,409
12,9,6,Heuristic,136,328,409
12,10,0,Greedy,160,480,327
12,10,0,Heuristic,160,480,327
12,12,9,Greedy,272,608,424
12,12,9,Heuristic,272,608,424
12,13,2,Greedy,152,496,321
12,13,2,Heuristic,152,496,321
12,16,3,Greedy,224,640,272
12,17,3,Heuristic,256,720,272
12,17,7,Simple,384,1024,1177
12,21,3,Simple,400,1040,272
12,22,9,Simple,600,1408,424
12,23,5,Simple,688,1496,724
12,25,8,Simple,672,1760,650
12,28,1,Simple,872,1992,820
12,29,0,Simple,840,2000,327
12,30,4,Simple,832,2152,642
12,34,6,Simple,984,2328,765
12,38,2,Simple,952,2496,321
13,5,1,Greedy,88,216,261
13,5,1,Heuristic,88,216,261
13,6,4,Greedy,88,280,334
13,6,4,Heuristic,88,280,334
13,7,8,Greedy,112,240,303
13,7,8,Heuristic,112,240,303
13,8,5,Greedy,144,352,424
13,8,5,Heuristic,144,352,424
13,11,6,Greedy,144,400,499
13,11,6,Heuristic,144,400,499
13,11,7,Greedy,200,528,627
13,11,7,Heuristic,200,528,627
13,11,9,Greedy,240,528,627
13,11,9,Heuristic,240,528,627
13,14,0,Greedy,184,776,335
13,14,0,Heuristic,184,776,335
13,15,2,Greedy,224,592,427
13,15,2,Heuristic,224,592,427
13,19,4,Simple,416,1320,1046
13,21,6,Simple,504,1200,855
13,23,2,Simple,456,1232,427
13,25,3,Greedy,376,840,259
13,25,3,Heuristic,376,840,259
13,25,8,Simple,680,1680,926
13,27,0,Simple,624,1816,335
13,28,1,Simple,1000,2056,1062
13,29,5,Simple,816,2032,691
13,29,7,Simple,776,1968,1873
13,29,9,Simple,824,1968,627
13,31,3,Simple,584,1320,259
14,9,1,Greedy,176,424,505
14,9,1,Heuristic,176,424,505
14,10,1,Simple,200,504,594
14,11,7,Greedy,120,360,459
14,11,7,Heuristic,120,360,459
14,11,9,Greedy,112,384,483
14,11,9,Heuristic,112,384,483
14,12,8,Greedy,296,592,700
14,12,8,Heuristic,296,592,700
14,13,5,Greedy,224,696,732
14,13,5,Heuristic,224,696,732
14,13,8,Simple,320,672,789
14,14,5,Simple,280,776,732
14,15,4,Greedy,352,880,1015
14,15,4,Heuristic,352,880,1015
14,16,6,Greedy,296,864,1008
14,16,6,Heuristic,296,864,1008
14,17,0,Greedy,304,944,935
14,17,0,Heuristic,304,944,935
14,17,2,Greedy,288,792,864
14,17,2,Heuristic,288,792,864
14,17,4,Simple,408,1040,1193
14,17,9,Simple,328,864,661
14,18,0,Simple,344,1024,935
14,20,7,Simple,448,1080,1260
14,23,3,Greedy,384,1096,427
14,23,3,Heuristic,384,1096,427
14,25,3,Simple,448,1256,427
14,27,6,Simple,648,1744,1097
14,29,2,Simple,672,1752,864
15,10,1,Greedy,184,576,666
15,10,1,Heuristic,184,576,666
15,11,0,Greedy,248,528,627
15,11,0,Heuristic,248,528,627
15,11,4,Greedy,272,560,659
15,11,4,Heuristic,272,560,659
15,11,5,Greedy,256,600,699
15,11,5,Heuristic,256,600,699
15,11,8,Greedy,208,528,627
15,11,8,Heuristic,208,528,627
15,12,9,Greedy,304,656,764
15,12,9,Heuristic,304,656,764
15,13,1,Simple,288,816,933
15,13,6,Greedy,160,464,581
15,13,6,Heuristic,160,464,581
15,13,7,Greedy,224,624,741
15,13,7,Heuristic,224,624,741
15,15,5,Simple,376,920,788
15,16,8,Simple,360,928,627
15,20,4,Simple,632,1280,837
15,20,9,Simple,600,1296,853
15,21,0,Simple,560,1328,627
15,21,7,Simple,480,1264,1453
15,23,3,Greedy,376,1216,653
15,23,3,Heuristic,376,1216,653
15,26,2,Greedy,392,1216,469
15,27,2,Heuristic,416,1296,469
15,29,3,Simple,512,1696,653
15,29,6,Simple,696,1744,1827
15,30,2,Simple,504,1536,469
16,12,1,Greedy,176,536,644
16,12,1,Heuristic,176,536,644
16,12,5,Greedy,192,536,644
16,12,5,Heuristic,192,536,644
16,13,4,Greedy,344,656,773
16,13,4,Heuristic,344,656,773
16,13,8,Greedy,216,664,781
16,13,8,Heuristic,216,664,781
16,14,0,Greedy,304,672,717
16,14,0,Heuristic,304,672,717
16,14,9,Greedy,296,608,734
16,14,9,Heuristic,296,608,734
16,15,7,Greedy,232,656,791
16,15,7,Heuristic,232,656,791
16,17,6,Greedy,392,840,993
16,17,6,Heuristic,392,840,993
16,18,1,Simple,376,1016,911
16,18,2,Greedy,344,768,849
16,18,2,Heuristic,344,768,849
16,18,3,Greedy,272,736,663
16,21,3,Heuristic,360,976,663
16,22,7,Simple,448,1216,1325
16,23,3,Simple,424,1136,663
16,23,9,Simple,560,1328,823
16,27,8,Simple,568,1784,870
16,28,5,Simple,752,1816,822
16,36,0,Simple,1088,2432,717
16,36,4,Simple,1184,2496,1129
16,39,6,Simple,1120,2600,1082
16,44,2,Simple,1192,2848,849
17,8,1,Greedy,128,392,464
17,8,1,Heuristic,128,392,464
17,9,5,Greedy,120,336,417
17,9,5,Heuristic,120,336,417
17,9,9,Greedy,144,392,473
17,9,9,Heuristic,144,392,473
17,10,7,Greedy,152,456,546
17,10,7,Heuristic,152,456,546
17,10,8,Greedy,160,368,458
17,10,8,Heuristic,160,368,458
17,11,0,Greedy,240,504,603
17,11,0,Heuristic,240,504,603
17,12,4,Greedy,208,576,684
17,12,4,Heuristic,208,576,684
17,14,3,Greedy,144,584,426
17,16,3,Heuristic,176,744,426
17,16,6,Greedy,136,736,880
17,16,6,Heuristic,136,736,880
17,17,2,Greedy,176,736,784
17,18,7,Simple,384,1096,1080
17,18,8,Simple,400,1008,636
17,18,9,Simple,472,1112,562
17,19,0,Simple,480,1144,692
17,19,1,Simple,512,1272,820
17,21,2,Heuristic,248,1056,784
17,21,3,Simple,336,1144,426
17,21,4,Simple,552,1296,1040
17,25,5,Simple,680,1616,506
17,27,6,Simple,488,1616,1325
17,28,2,Simple,400,1616,784
18,6,0,Greedy,56,216,270
18,6,0,Heuristic,56,216,270
18,9,1,Greedy,80,480,561
18,9,1,Heuristic,80,480,561
18,9,4,Greedy,144,448,529
18,9,4,Heuristic,144,448,529
18,9,8,Greedy,96,400,481
18,9,8,Heuristic,96,400,481
18,11,9,Greedy,168,528,627
18,11,9,Heuristic,168,528,627
18,12,5,Greedy,248,640,667
18,13,4,Simple,280,768,885
18,14,7,Greedy,264,520,646
18,14,7,Heuristic,264,520,646
18,17,0,Simple,328,1096,537
18,17,1,Simple,312,1120,1273
18,17,5,Heuristic,392,1040,667
18,17,8,Simple,408,1040,1193
18,18,6,Greedy,136,824,986
18,18,6,Heuristic,136,824,986
18,20,2,Greedy,144,784,810
18,20,2,Heuristic,144,784,810
18,22,3,Greedy,392,768,470
18,22,5,Simple,568,1440,667
18,22,7,Simple,552,1160,1358
18,24,3,Heuristic,480,928,470
18,25,9,Simple,512,1648,1161
18,26,6,Simple,328,1464,1164
18,27,3,Simple,576,1168,470
18,33,2,Simple,416,1824,810
19,10,0,Greedy,168,440,530
19,10,0,Heuristic,168,440,530
19,10,1,Greedy,208,520,610
19,10,1,Heuristic,208,520,610
19,10,4,Greedy,160,392,482
19,10,4,Heuristic,160,392,482
19,10,8,Greedy,128,456,546
19,10,8,Heuristic,128,456,546
19,14,5,Greedy,240,744,870
19,14,5,Heuristic,240,744,870
19,14,6,Greedy,200,568,694
19,14,6,Heuristic,200,568,694
19,14,8,Simple,296,776,902
19,15,1,Simple,392,920,1055
19,15,5,Simple,280,824,959
19,16,4,Simple,408,872,838
19,16,9,Greedy,368,816,944
19,16,9,Heuristic,368,816,944
19,18,9,Simple,488,976,1122
19,20,2,Greedy,272,752,526
19,20,2,Heuristic,272,752,526
19,20,7,Greedy,440,1048,1196
19,20,7,Heuristic,440,1048,1196
19,21,3,Greedy,344,904,988
19,22,0,Simple,600,1400,530
19,22,3,Heuristic,384,984,988
19,22,6,Simple,496,1208,1228
19,25,7,Simple,632,1448,1374
19,26,2,Simple,464,1232,526
19,29,3,Simple,680,1544,988
20,6,7,Greedy,72,256,310
20,6,7,Heuristic,72,256,310
20,7,1,Greedy,72,344,407
20,7,1,Heuristic,72,344,407
20,8,5,Greedy,64,264,336
20,8,5,Heuristic,64,264,336
20,9,8,Greedy,128,376,457
20,9,8,Heuristic,128,376,457
20,11,0,Greedy,144,448,547
20,11,0,Heuristic,144,448,547
20,11,4,Simple,200,592,691
20,11,4,Greedy,200,592,691
20,11,4,Heuristic,200,592,691
20,11,9,Greedy,264,616,472
20,11,9,Heuristic,264,616,472
20,12,6,Greedy,216,584,692
20,12,6,Heuristic,216,584,692
20,13,2,Greedy,176,480,516
20,13,2,Heuristic,176,480,516
20,15,0,Simple,288,768,547
20,15,5,Simple,264,824,603
20,15,8,Simple,360,856,635
20,15,9,Simple,400,936,472
20,18,1,Simple,416,1224,763
20,18,7,Simple,392,1216,1378
20,24,3,Greedy,440,1008,166
20,25,3,Heuristic,480,1088,166
20,25,6,Simple,664,1624,781
20,28,2,Simple,680,1680,516
20,37,3,Simple,936,2048,166
21,7,1,Greedy,96,312,375
21,7,1,Heuristic,96,312,375
21,7,5,Greedy,96,296,359
21,7,5,Heuristic,96,296,359
21,7,8,Greedy,104,280,343
21,7,8,Heuristic,104,280,343
21,9,0,Greedy,160,344,425
21,9,0,Heuristic,160,344,425
21,9,4,Greedy,160,432,513
21,9,4,Heuristic,160,432,513
21,9,7,Greedy,112,352,433
21,9,7,Heuristic,112,352,433
21,9,9,Greedy,168,368,449
21,9,9,Heuristic,168,368,449
21,12,3,Greedy,160,480,353
21,12,3,Heuristic,160,480,353
21,14,6,Greedy,216,504,614
21,16,6,Heuristic,288,664,776
21,17,0,Simple,344,984,425
21,17,4,Simple,416,1072,1136
21,17,8,Simple,392,1080,521
21,19,1,Simple,440,1272,553
21,20,9,Simple,536,1248,449
21,21,2,Greedy,272,784,640
21,21,2,Heuristic,272,784,640
21,23,7,Simple,568,1472,700
21,26,5,Simple,696,1816,537
21,27,3,Simple,544,1680,353
21,33,6,Simple,928,2024,1221
21,35,2,Simple,752,1904,640
22,8,1,Greedy,56,416,488
22,8,1,Heuristic,56,416,488
22,8,8,Greedy,120,264,336
22,8,8,Heuristic,120,264,336
22,10,0,Greedy,184,432,522
22,10,0,Heuristic,184,432,522
22,11,4,Greedy,144,568,667
22,11,4,Heuristic,144,568,667
22,12,7,Greedy,152,608,716
22,12,7,Heuristic,152,608,716
22,12,9,Greedy,232,648,756
22,12,9,Heuristic,232,648,756
22,14,5,Greedy,264,744,708
22,14,5,Heuristic,264,744,708
22,15,3,Greedy,208,568,468
22,15,3,Heuristic,208,568,468
22,15,4,Simple,272,888,1023
22,15,6,Greedy,264,688,823
22,15,6,Heuristic,264,688,823
22,16,0,Simple,384,912,611
22,16,1,Simple,336,1056,1022
22,17,5,Simple,352,984,708
22,17,8,Simple,416,984,870
22,18,9,Simple,400,1128,934
22,19,2,Greedy,288,712,583
22,19,2,Heuristic,288,712,583
22,21,7,Simple,360,1328,983
22,23,6,Simple,480,1328,1179
22,25,3,Simple,440,1368,468
22,27,2,Simple,536,1352,583
23,8,1,Greedy,128,416,488
23,8,1,Heuristic,128,416,488
23,8,8,Greedy,144,424,496
23,8,8,Heuristic,144,424,496
23,9,7,Greedy,120,376,457
23,9,7,Heuristic,120,376,457
23,10,0,Greedy,104,512,602
23,10,0,Heuristic,104,512,602
23,10,4,Greedy,184,560,650
23,10,4,Heuristic,184,560,650
23,10,9,Greedy,120,352,442
23,10,9,Heuristic,120,352,442
23,11,5,Greedy,192,496,514
23,11,5,Heuristic,192,496,514
23,13,1,Simple,240,816,755
23,13,8,Simple,320,824,763
23,15,6,Greedy,272,528,663
23,15,6,Heuristic,272,528,663
23,16,0,Simple,312,992,602
23,16,3,Greedy,208,632,273
23,17,4,Simple,456,1120,1095
23,17,5,Simple,384,976,514
23,18,6,Simple,392,768,930
23,18,9,Simple,320,992,531
23,19,2,Greedy,288,696,583
23,19,3,Heuristic,232,872,273
23,20,2,Simple,344,776,583
23,20,7,Simple,392,1256,1347
23,21,2,Heuristic,392,856,583
23,45,3,Simple,1184,2952,273
24,8,8,Greedy,72,352,424
24,8,8,Heuristic,72,352,424
24,9,0,Greedy,152,400,481
24,9,0,Heuristic,152,400,481
24,9,4,Greedy,176,416,497
24,9,4,Heuristic,176,416,497
24,10,1,Greedy,128,488,578
24,10,1,Heuristic,128,488,578
24,10,5,Greedy,168,408,498
24,10,5,Heuristic,168,408,498
24,11,0,Simple,232,560,570
24,11,8,Simple,152,592,602
24,12,9,Greedy,192,576,684
24,12,9,Heuristic,192,576,684
24,13,7,Greedy,208,680,797
24,13,7,Heuristic,208,680,797
24,15,3,Greedy,200,600,581
24,15,3,Heuristic,200,600,581
24,15,4,Simple,376,896,1031
24,17,6,Greedy,376,760,873
24,18,2,Greedy,280,704,858
24,18,5,Simple,416,1048,676
24,20,1,Simple,488,1288,845
24,20,6,Heuristic,448,1000,1116
24,20,9,Simple,448,1216,773
24,21,2,Heuristic,360,944,1020
24,29,7,Simple,656,1960,975
24,32,3,Simple,792,1960,581
24,38,6,Simple,1024,2440,1205
24,39,2,Simple,952,2384,1020
25,9,4,Greedy,120,304,385
25,9,4,Heuristic,120,304,385
25,11,0,Greedy,104,432,531
25,11,0,Heuristic,104,432,531
25,11,8,Greedy,160,496,595
25,11,8,Heuristic,160,496,595
25,14,1,Greedy,296,808,934
25,14,1,Heuristic,296,808,934
25,15,5,Greedy,312,768,903
25,15,5,Heuristic,312,768,903
25,15,6,Greedy,232,688,823
25,15,6,Heuristic,232,688,823
25,16,2,Greedy,224,640,703
25,16,2,Heuristic,224,640,703
25,17,9,Greedy,360,968,1121
25,17,9,Heuristic,360,968,1121
25,19,1,Simple,456,1208,1379
25,19,8,Simple,408,1136,951
25,20,7,Greedy,480,1152,1332
25,20,7,Heuristic,480,1152,1332
25,22,3,Greedy,504,1112,1148
25,23,4,Simple,512,1424,919
25,24,0,Simple,480,1472,798
25,25,5,Simple,688,1568,1081
25,26,3,Heuristic,640,1432,1148
25,26,6,Simple,568,1568,912
25,28,9,Simple,776,1848,1388
25,29,7,Simple,784,1872,1866
25,31,2,Simple,712,1840,703
25,33,3,Simple,968,1992,1148
26,8,1,Greedy,184,432,504
26,8,1,Heuristic,184,432,504
26,8,4,Greedy,96,336,408
26,8,4,Heuristic,96,336,408
26,9,0,Greedy,168,424,505
26,9,0,Heuristic,168,424,505
26,9,5,Greedy,112,456,537
26,9,5,Heuristic,112,456,537
26,9,9,Greedy,184,392,473
26,9,9,Heuristic,184,392,473
26,10,8,Greedy,280,536,545
26,10,8,Heuristic,280,536,545
26,14,7,Greedy,272,752,878
26,14,7,Heuristic,272,752,878
26,15,3,Greedy,256,560,614
26,15,3,Heuristic,256,560,614
26,18,4,Simple,512,1136,1298
26,20,0,Simple,504,1304,594
26,20,1,Simple,552,1392,1038
26,20,8,Simple,664,1336,545
26,21,5,Simple,504,1416,626
26,21,9,Simple,568,1352,918
26,24,6,Greedy,344,824,984
26,26,6,Simple,400,984,1130
26,27,6,Heuristic,456,1064,1211
26,30,2,Greedy,408,1104,1099
26,31,2,Heuristic,424,1184,1099
26,32,2,Simple,472,1264,1099
26,37,7,Simple,928,2592,967
26,41,3,Simple,936,2640,614
27,14,4,Greedy,272,600,726
27,14,4,Heuristic,272,600,726
27,14,6,Greedy,224,448,574
27,14,6,Heuristic,224,448,574
27,15,0,Greedy,288,744,879
27,15,0,Heuristic,288,744,879
27,15,4,Simple,304,680,815
27,15,9,Simple,248,712,847
27,15,9,Greedy,248,712,847
27,15,9,Heuristic,248,712,847
27,16,1,Greedy,400,920,1064
27,16,1,Heuristic,400,920,1064
27,17,7,Simple,296,840,993
27,17,7,Greedy,296,840,993
27,17,7,Heuristic,296,840,993
27,17,8,Simple,488,952,1105
27,17,8,Greedy,488,952,1105
27,17,8,Heuristic,488,952,1105
27,18,5,Greedy,400,1000,1081
27,18,5,Heuristic,400,1000,1081
27,19,0,Simple,448,1064,1057
27,19,1,Simple,520,1160,1242
27,20,6,Simple,472,928,1108
27,22,2,Greedy,400,864,470
27,22,2,Heuristic,400,864,470
27,22,5,Simple,496,1320,1081
27,26,2,Simple,584,1184,470
27,27,3,Greedy,456,1104,593
27,27,3,Heuristic,456,1104,593
27,30,3,Simple,576,1344,593
28,13,6,Greedy,288,512,629
28,13,6,Heuristic,288,512,629
28,14,4,Greedy,312,704,830
28,14,4,Heuristic,312,704,830
28,15,0,Simple,392,736,871
28,15,4,Simple,336,784,919
28,15,8,Greedy,336,768,903
28,15,8,Heuristic,336,768,903
28,16,0,Greedy,456,808,952
28,16,0,Heuristic,456,808,952
28,16,1,Simple,400,888,1032
28,16,2,Greedy,272,552,477
28,16,2,Heuristic,272,552,477
28,16,9,Simple,352,776,920
28,17,1,Greedy,432,960,1113
28,17,1,Heuristic,432,960,1113
28,18,5,Greedy,520,936,1098
28,18,5,Heuristic,520,936,1098
28,18,9,Greedy,456,920,1082
28,18,9,Heuristic,456,920,1082
28,19,5,Simple,568,1016,1098
28,19,7,Greedy,448,960,1131
28,19,7,Heuristic,448,960,1131
28,19,8,Simple,496,1088,1170
28,20,3,Greedy,368,808,907
28,20,3,Heuristic,368,808,907
28,22,6,Simple,576,1232,896
28,23,7,Simple,624,1280,1220
28,27,2,Simple,592,1432,477
28,30,3,Simple,704,1608,907
29,7,1,Greedy,64,312,375
29,7,1,Heuristic,64,312,375
29,8,5,Greedy,88,392,464
29,8,5,Heuristic,88,392,464
29,8,8,Greedy,104,392,464
29,8,8,Heuristic,104,392,464
29,8,9,Greedy,168,400,472
29,8,9,Heuristic,168,400,472
29,9,4,Greedy,144,424,505
29,9,4,Heuristic,144,424,505
29,10,0,Greedy,96,384,401
29,10,0,Heuristic,96,384,401
29,11,6,Greedy,144,496,595
29,11,6,Heuristic,144,496,595
29,11,7,Greedy,144,408,507
29,11,7,Heuristic,144,408,507
29,16,2,Greedy,200,656,451
29,17,2,Heuristic,224,736,451
29,18,3,Greedy,288,768,443
29,19,5,Simple,424,1272,464
29,21,3,Heuristic,392,1008,443
29,24,1,Simple,560,1672,731
29,24,8,Simple,576,1672,642
29,25,0,Simple,576,1584,401
29,25,4,Simple,680,1704,683
29,26,7,Simple,656,1608,1397
29,27,3,Simple,576,1488,443
29,27,6,Simple,624,1776,1129
29,28,9,Simple,816,2000,739
29,29,2,Simple,576,1696,451
30,6,4,Greedy,48,208,262
30,6,4,Heuristic,48,208,262
30,7,8,Greedy,128,304,367
30,7,8,Heuristic,128,304,367
30,8,0,Greedy,56,320,392
30,8,0,Heuristic,56,320,392
30,8,1,Greedy,104,424,496
30,8,1,Heuristic,104,424,496
30,8,5,Greedy,112,376,448
30,8,5,Heuristic,112,376,448
30,8,6,Greedy,104,288,360
30,8,6,Heuristic,104,288,360
30,9,9,Greedy,120,424,505
30,9,9,Heuristic,120,424,505
30,10,7,Greedy,200,464,554
30,10,7,Heuristic,200,464,554
30,12,2,Greedy,112,416,248
30,12,2,Heuristic,112,416,248
30,21,3,Greedy,336,760,266
30,23,6,Simple,440,1488,716
30,24,2,Simple,456,1376,248
30,25,3,Heuristic,424,1080,266
30,29,4,Simple,680,2048,440
30,31,0,Simple,712,2160,392
30,36,8,Simple,1112,2624,456
30,49,1,Simple,1424,3704,674
30,49,5,Simple,1464,3656,537
30,50,9,Simple,1528,3704,594
30,53,7,Simple,1552,3904,1889
30,58,3,Simple,1512,3720,266
31,9,7,Greedy,88,432,513
31,9,7,Heuristic,88,432,513
31,11,3,Greedy,112,392,337
31,11,3,Heuristic,112,392,337
31,12,1,Greedy,240,664,772
31,12,1,Heuristic,240,664,772
31,13,5,Greedy,176,656,773
31,13,5,Heuristic,176,656,773
31,13,9,Greedy,96,656,773
31,13,9,Heuristic,96,656,773
31,15,8,Greedy,320,768,903
31,15,8,Heuristic,320,768,903
31,16,1,Simple,312,984,1128
31,16,4,Greedy,296,872,1016
31,16,4,Heuristic,296,872,1016
31,17,0,Greedy,336,960,1032
31,17,0,Heuristic,336,960,1032
31,18,6,Greedy,320,656,818
31,18,6,Heuristic,320,656,818
31,20,4,Simple,400,1192,1194
31,21,8,Simple,520,1248,1081
31,21,9,Simple,360,1296,773
31,22,2,Greedy,368,736,642
31,22,2,Heuristic,368,736,642
31,22,5,Simple,536,1376,951
31,23,6,Simple,520,1056,1174
31,24,2,Simple,456,896,642
31,25,0,Simple,656,1600,1032
31,26,7,Simple,632,1792,869
31,34,3,Simple,744,2232,337
32,6,4,Greedy,64,272,326
32,6,4,Heuristic,64,272,326
32,7,0,Greedy,56,312,375
32,7,0,Heuristic,56,312,375
32,7,8,Greedy,56,312,375
32,7,8,Heuristic,56,312,375
32,8,1,Greedy,88,408,480
32,8,1,Heuristic,88,408,480
32,8,5,Greedy,88,344,416
32,8,5,Heuristic,88,344,416
32,10,7,Greedy,136,416,506
32,10,7,Heuristic,136,416,506
32,11,6,Greedy,184,400,491
32,11,9,Greedy,136,528,546
32,11,9,Heuristic,136,528,546
32,12,6,Heuristic,216,480,572
32,13,2,Greedy,192,456,468
32,14,2,Heuristic,208,536,468
32,19,3,Greedy,312,664,298
32,19,3,Heuristic,312,664,298
32,20,4,Simple,464,1392,860
32,21,6,Simple,528,1200,750
32,24,0,Simple,536,1672,464
32,24,1,Simple,608,1688,747
32,24,2,Simple,528,1336,468
32,24,8,Simple,560,1672,464
32,26,7,Simple,584,1696,1307
32,26,9,Simple,584,1728,546
32,34,5,Simple,808,2424,683
32,35,3,Simple,704,1944,298
33,7,1,Greedy,120,248,311
33,7,1,Heuristic,120,248,311
33,7,8,Greedy,104,296,359
33,7,8,Heuristic,104,296,359
33,9,7,Greedy,128,360,441
33,9,7,Heuristic,128,360,441
33,10,0,Greedy,128,456,546
33,10,0,Heuristic,128,456,546
33,10,4,Greedy,208,464,554
33,10,4,Heuristic,208,464,554
33,10,5,Greedy,216,440,530
33,10,5,Heuristic,216,440,530
33,12,9,Greedy,224,504,458
33,12,9,Heuristic,224,504,458
33,13,6,Greedy,224,608,725
33,13,6,Heuristic,224,608,725
33,14,1,Simple,304,808,756
33,14,2,Greedy,232,592,637
33,14,5,Simple,320,760,708
33,14,9,Simple,288,664,458
33,15,0,Simple,304,856,546
33,15,2,Heuristic,264,672,637
33,15,3,Greedy,248,680,369
33,16,4,Simple,408,944,821
33,18,8,Simple,408,1176,626
33,19,3,Heuristic,368,1000,369
33,20,7,Simple,488,1240,1331
33,22,3,Simple,472,1240,369
33,27,6,Simple,632,1728,903
33,31,2,Simple,760,1952,637
34,4,1,Greedy,112,152,188
34,4,1,Heuristic,112,152,188
34,5,0,Greedy,112,192,237
34,5,0,Heuristic,112,192,237
34,5,8,Greedy,96,184,229
34,5,8,Heuristic,96,184,229
34,6,4,Greedy,120,264,318
34,6,4,Heuristic,120,264,318
34,7,5,Greedy,136,280,343
34,8,5,Heuristic,160,360,424
34,9,4,Simple,208,504,585
34,10,8,Simple,272,584,496
34,11,0,Simple,296,672,326
34,11,9,Heuristic,240,520,643
34,12,9,Greedy,272,592,732
34,13,5,Simple,336,760,691
34,13,7,Greedy,264,592,709
34,13,7,Heuristic,264,592,709
34,14,1,Simple,432,952,989
34,16,6,Greedy,328,704,824
34,16,9,Simple,424,912,821
34,17,3,Greedy,392,752,589
34,17,3,Heuristic,392,752,589
34,17,6,Heuristic,360,784,905
34,21,2,Greedy,344,952,817
34,21,2,Heuristic,344,952,817
34,21,6,Simple,488,1104,1261
34,27,7,Simple,704,1712,1065
34,30,2,Simple,624,1672,817
34,36,3,Simple,1112,2272,589
35,7,1,Greedy,88,320,383
35,7,1,Heuristic,88,320,383
35,7,4,Greedy,72,352,415
35,7,4,Heuristic,72,352,415
35,8,0,Greedy,48,360,432
35,8,0,Heuristic,48,360,432
35,8,8,Greedy,48,376,448
35,8,8,Heuristic,48,376,448
35,10,5,Greedy,120,352,442
35,10,5,Heuristic,120,352,442
35,10,9,Greedy,184,416,506
35,11,9,Heuristic,208,496,587
35,12,6,Greedy,160,536,644
35,12,6,Heuristic,160,536,644
35,12,7,Greedy,160,576,684
35,12,7,Heuristic,160,576,684
35,13,3,Greedy,136,464,500
35,13,3,Heuristic,136,464,500
35,16,2,Greedy,232,640,492
35,17,2,Heuristic,248,720,492
35,17,9,Simple,416,976,676
35,18,1,Simple,416,1200,828
35,18,7,Simple,416,1056,773
35,20,5,Simple,424,1152,531
35,23,0,Simple,656,1560,432
35,24,3,Simple,376,1344,500
35,25,8,Simple,632,1736,626
35,30,4,Simple,840,2192,860
35,35,6,Simple,816,2376,1089
35,37,2,Simple,848,2320,492
36,8,1,Greedy,120,368,440
36,8,1,Heuristic,120,368,440
36,8,4,Greedy,136,360,432
36,8,4,Heuristic,136,360,432
36,9,0,Greedy,208,408,489
36,9,0,Heuristic,208,408,489
36,10,4,Simple,216,520,610
36,11,5,Greedy,216,464,563
36,11,5,Heuristic,216,464,563
36,12,6,Greedy,192,440,548
36,12,6,Heuristic,192,440,548
36,12,8,Greedy,288,640,667
36,12,8,Heuristic,288,640,667
36,12,9,Greedy,248,584,692
36,12,9,Heuristic,248,584,692
36,13,7,Greedy,280,648,765
36,13,7,Heuristic,280,648,765
36,13,8,Simple,320,720,667
36,14,5,Simple,320,704,652
36,15,0,Simple,424,888,756
36,15,6,Simple,320,680,815
36,17,2,Greedy,328,664,436
36,17,2,Heuristic,328,664,436
36,19,1,Simple,432,1248,885
36,20,2,Simple,432,904,436
36,22,7,Simple,568,1368,1566
36,22,9,Simple,584,1384,781
36,24,3,Greedy,392,1096,533
36,24,3,Heuristic,392,1096,533
36,26,3,Simple,448,1256,533
37,8,0,Greedy,136,352,424
37,8,0,Heuristic,136,352,424
37,8,1,Greedy,128,336,408
37,8,1,Heuristic,128,336,408
37,8,5,Greedy,88,360,432
37,8,5,Heuristic,88,360,432
37,8,8,Greedy,168,304,376
37,8,8,Heuristic,168,304,376
37,9,4,Greedy,136,448,529
37,9,4,Heuristic,136,448,529
37,9,9,Greedy,88,432,513
37,9,9,Heuristic,88,432,513
37,10,7,Greedy,96,384,474
37,10,7,Heuristic,96,384,474
37,16,6,Greedy,136,496,640
37,16,6,Heuristic,136,496,640
37,22,1,Simple,512,1456,586
37,22,2,Greedy,264,768,560
37,22,2,Heuristic,264,768,560
37,22,3,Greedy,440,1024,362
37,22,3,Heuristic,440,1024,362
37,24,5,Simple,520,1640,521
37,25,0,Simple,528,1712,513
37,25,8,Simple,728,1664,465
37,28,9,Simple,632,1952,602
37,34,7,Simple,888,2304,1542
37,35,4,Simple,992,2528,1152
37,37,3,Simple,856,2224,362
37,37,6,Simple,952,2176,1174
37,40,2,Simple,888,2208,560
38,7,1,Greedy,120,344,407
38,7,1,Heuristic,120,344,407
38,7,4,Greedy,96,240,303
38,7,4,Heuristic,96,240,303
38,7,8,Greedy,136,320,383
38,7,8,Heuristic,136,320,383
38,8,0,Greedy,112,312,303
38,8,0,Heuristic,112,312,303
38,9,8,Simple,208,480,561
38,10,5,Greedy,192,480,570
38,10,5,Heuristic,192,480,570
38,11,9,Greedy,208,576,675
38,11,9,Heuristic,208,576,675
38,12,1,Simple,312,744,852
38,12,7,Greedy,240,592,700
38,12,7,Heuristic,240,592,700
38,13,0,Simple,264,712,303
38,13,5,Simple,296,720,659
38,13,6,Greedy,184,584,701
38,13,6,Heuristic,184,584,701
38,14,2,Greedy,192,568,613
38,14,9,Simple,328,816,764
38,15,2,Heuristic,200,648,613
38,17,4,Simple,496,1040,837
38,19,3,Greedy,232,856,476
38,20,3,Heuristic,248,936,476
38,21,7,Simple,488,1312,1412
38,26,6,Simple,624,1624,879
38,28,3,Simple,472,1576,476
38,30,2,Simple,704,1848,613
39,8,1,Greedy,192,408,480
39,8,1,Heuristic,192,408,480
39,9,0,Greedy,96,440,521
39,9,0,Heuristic,96,440,521
39,9,4,Greedy,144,456,537
39,9,4,Heuristic,144,456,537
39,9,9,Greedy,104,392,473
39,9,9,Heuristic,104,392,473
39,11,7,Greedy,168,480,579
39,11,7,Heuristic,168,480,579
39,13,5,Greedy,216,648,765
39,13,5,Heuristic,216,648,765
39,13,8,Greedy,248,712,829
39,13,8,Heuristic,248,712,829
39,14,6,Greedy,216,664,790
39,14,6,Heuristic,216,664,790
39,16,2,Greedy,288,632,614
39,16,2,Heuristic,288,632,614
39,18,0,Simple,376,1160,877
39,18,8,Simple,368,1112,829
39,19,4,Simple,480,1256,982
39,20,3,Greedy,216,696,355
39,22,3,Heuristic,280,856,355
39,26,1,Simple,808,1848,925
39,26,5,Simple,688,1688,765
39,27,6,Simple,632,1704,968
39,27,9,Simple,736,1832,829
39,28,7,Simple,784,1840,1558
39,30,2,Simple,728,1752,614
39,40,3,Simple,912,2296,355
40,7,8,Greedy,56,280,343
40,7,8,Heuristic,56,280,343
40,8,4,Greedy,128,328,400
40,8,4,Heuristic,128,328,400
40,10,8,Simple,136,520,610
40,11,1,Simple,280,592,691
40,11,1,Greedy,280,592,691
40,11,1,Heuristic,280,592,691
40,11,5,Greedy,216,592,691
40,11,5,Heuristic,216,592,691
40,12,0,Greedy,192,408,451
40,12,0,Heuristic,192,408,451
40,12,6,Greedy,240,528,636
40,12,6,Heuristic,240,528,636
40,13,9,Greedy,248,664,781
40,13,9,Heuristic,248,664,781
40,14,7,Greedy,296,760,886
40,14,7,Heuristic,296,760,886
40,15,5,Simple,384,912,869
40,16,0,Simple,312,728,451
40,16,3,Greedy,288,744,726
40,16,3,Heuristic,288,744,726
40,22,2,Greedy,424,744,380
40,22,2,Heuristic,424,744,380
40,22,4,Simple,640,1448,756
40,22,7,Simple,560,1400,1064
40,24,9,Simple,656,1544,870
40,26,3,Simple,528,1544,726
40,26,6,Simple,760,1648,1526
40,27,2,Simple,592,1144,380
41,9,4,Greedy,152,496,577
41,9,4,Heuristic,152,496,577
41,10,1,Greedy,216,480,570
41,10,1,Heuristic,216,480,570
41,10,6,Greedy,168,456,546
41,10,6,Heuristic,168,456,546
41,12,5,Greedy,224,552,660
41,12,5,Heuristic,224,552,660
41,12,8,Greedy,280,648,756
41,12,8,Heuristic,280,648,756
41,12,9,Greedy,280,600,708
41,12,9,Heuristic,280,600,708
41,13,0,Greedy,256,648,684
41,13,0,Heuristic,256,648,684
41,13,4,Simple,296,816,933
41,13,6,Simple,280,696,813
41,13,7,Greedy,272,680,797
41,13,7,Heuristic,272,680,797
41,15,0,Simple,336,808,684
41,15,2,Greedy,176,560,346
41,15,2,Heuristic,176,560,346
41,15,8,Simple,392,888,845
41,16,1,Simple,432,960,837
41,18,5,Simple,392,1032,660
41,18,9,Simple,464,1080,797
41,19,7,Simple,448,1160,1331
41,21,3,Greedy,264,800,445
41,21,3,Heuristic,264,800,445
41,22,2,Simple,464,1120,346
41,27,3,Simple,408,1280,445
42,5,4,Greedy,72,184,229
42,5,4,Heuristic,72,184,229
42,6,8,Greedy,144,256,310
42,6,8,Heuristic,144,256,310
42,7,1,Greedy,144,352,415
42,7,1,Heuristic,144,352,415
42,8,0,Greedy,120,360,351
42,8,0,Heuristic,120,360,351
42,9,7,Greedy,144,376,457
42,9,7,Heuristic,144,376,457
42,10,5,Greedy,128,408,498
42,10,5,Heuristic,128,408,498
42,10,6,Greedy,120,424,514
42,10,6,Heuristic,120,424,514
42,11,3,Greedy,128,400,345
42,11,3,Heuristic,128,400,345
42,12,9,Greedy,240,592,538
42,12,9,Heuristic,240,592,538
42,15,2,Greedy,176,592,362
42,15,2,Heuristic,176,592,362
42,18,9,Simple,416,1072,538
42,19,1,Simple,552,1312,860
42,19,5,Simple,488,1128,676
42,20,7,Simple,488,1256,724
42,23,3,Simple,480,1360,345
42,23,8,Simple,712,1616,666
42,27,0,Simple,832,1880,351
42,27,4,Simple,784,1944,674
42,30,6,Simple,840,2024,959
42,38,2,Simple,976,2432,362
43,8,4,Greedy,80,280,352
43,8,4,Heuristic,80,280,352
43,10,1,Greedy,184,544,634
43,10,1,Heuristic,184,544,634
43,11,0,Greedy,120,432,531
43,11,0,Heuristic,120,432,531
43,11,9,Greedy,216,584,683
43,11,9,Heuristic,216,584,683
43,12,5,Greedy,216,568,676
43,12,5,Heuristic,216,568,676
43,12,7,Greedy,192,584,692
43,12,7,Heuristic,192,584,692
43,13,8,Greedy,192,744,780
43,13,8,Heuristic,192,744,780
43,14,6,Greedy,128,488,614
43,14,6,Heuristic,128,488,614
43,17,2,Greedy,72,584,518
43,17,2,Heuristic,72,584,518
43,18,6,Simple,248,808,881
43,20,4,Simple,480,1240,886
43,24,2,Simple,256,1144,518
43,25,0,Simple,600,1552,709
43,25,1,Simple,680,1744,901
43,25,8,Simple,536,1704,780
43,29,7,Simple,664,1944,2205
43,30,3,Greedy,464,1352,428
43,31,3,Heuristic,496,1432,428
43,32,3,Simple,536,1512,428
43,33,5,Simple,928,2248,765
43,33,9,Simple,880,2344,772
44,8,0,Greedy,88,368,440
44,8,0,Heuristic,88,368,440
44,8,4,Greedy,96,400,472
44,8,4,Heuristic,96,400,472
44,13,8,Greedy,264,720,837
44,13,8,Heuristic,264,720,837
44,14,1,Greedy,352,832,958
44,14,1,Heuristic,352,832,958
44,15,1,Simple,400,912,1047
44,15,5,Greedy,264,792,927
44,15,5,Heuristic,264,792,927
44,16,7,Greedy,360,920,1064
44,16,7,Heuristic,360,920,1064
44,17,0,Simple,368,1088,974
44,17,6,Greedy,232,512,665
44,17,6,Heuristic,232,512,665
44,17,9,Greedy,344,952,1024
44,17,9,Heuristic,344,952,1024
44,18,3,Greedy,288,808,808
44,18,3,Heuristic,288,808,808
44,18,7,Simple,432,1080,1242
44,18,8,Simple,432,1120,1015
44,19,4,Simple,512,1280,1273
44,19,5,Simple,432,1112,1105
44,21,3,Simple,384,1048,808
44,22,6,Simple,472,912,1110
44,24,9,Simple,656,1512,1024
44,32,2,Simple,528,992,449
44,32,2,Greedy,528,992,449
44,32,2,Heuristic,528,992,449
45,7,1,Greedy,88,304,367
45,7,1,Heuristic,88,304,367
45,8,5,Greedy,176,328,400
45,8,5,Heuristic,176,328,400
45,9,7,Greedy,152,360,441
45,9,7,Heuristic,152,360,441
45,10,8,Greedy,192,440,530
45,10,8,Heuristic,192,440,530
45,11,9,Greedy,168,568,505
45,11,9,Heuristic,168,568,505
45,12,3,Greedy,160,464,353
45,12,3,Heuristic,160,464,353
45,13,1,Simple,256,784,901
45,14,4,Simple,264,640,766
45,14,4,Greedy,264,640,766
45,14,4,Heuristic,264,640,766
45,15,0,Simple,256,672,726
45,15,0,Greedy,256,672,726
45,15,0,Heuristic,256,672,726
45,17,7,Simple,392,1000,708
45,18,3,Simple,352,944,353
45,19,6,Greedy,360,912,1083
45,19,6,Heuristic,360,912,1083
45,20,6,Simple,392,992,1172
45,22,8,Simple,656,1400,975
45,22,9,Simple,544,1448,505
45,23,2,Greedy,480,1064,963
45,23,2,Heuristic,480,1064,963
45,24,2,Simple,528,1144,963
45,25,5,Simple,712,1688,667
46,5,8,Greedy,64,184,229
46,5,8,Heuristic,64,184,229
46,6,0,Greedy,72,240,294
46,6,0,Heuristic,72,240,294
46,6,4,Greedy,112,208,262
46,6,4,Heuristic,112,208,262
46,7,1,Greedy,112,320,383
46,7,1,Heuristic,112,320,383
46,10,5,Greedy,216,480,570
46,10,5,Heuristic,216,480,570
46,12,0,Simple,288,720,383
46,12,4,Simple,256,688,796
46,12,9,Greedy,200,528,636
46,12,9,Heuristic,200,528,636
46,14,6,Greedy,192,592,718
46,14,6,Heuristic,192,592,718
46,16,1,Simple,416,1040,1184
46,16,7,Greedy,304,848,992
46,16,7,Heuristic,304,848,992
46,16,8,Simple,432,1064,674
46,17,3,Greedy,208,808,880
46,17,3,Heuristic,208,808,880
46,17,5,Simple,448,1040,748
46,17,6,Simple,296,832,985
46,17,9,Simple,368,928,992
46,18,2,Greedy,272,808,654
46,18,2,Heuristic,272,808,654
46,21,2,Simple,352,1048,654
46,35,7,Simple,904,2368,1081
46,41,3,Simple,1024,2728,880
47,6,0,Greedy,56,248,302
47,6,0,Heuristic,56,248,302
47,6,1,Greedy,96,248,302
47,6,1,Heuristic,96,248,302
47,6,4,Greedy,56,256,310
47,6,4,Heuristic,56,256,310
47,7,8,Greedy,72,288,351
47,7,8,Heuristic,72,288,351
47,10,9,Greedy,160,416,506
47,10,9,Heuristic,160,416,506
47,12,1,Simple,304,728,836
47,12,5,Greedy,176,512,458
47,12,5,Heuristic,176,512,458
47,13,6,Greedy,136,496,597
47,13,8,Simple,280,768,796
47,14,6,Heuristic,152,576,678
47,15,7,Greedy,376,712,847
47,15,7,Heuristic,376,712,847
47,16,3,Greedy,240,632,695
47,16,3,Heuristic,240,632,695
47,16,5,Simple,336,832,458
47,18,0,Simple,512,1208,391
47,18,2,Greedy,208,704,550
47,18,2,Heuristic,208,704,550
47,19,7,Simple,544,1032,936
47,19,9,Simple,472,1136,951
47,21,4,Simple,528,1456,1022
47,23,6,Simple,408,1296,1034
47,25,3,Simple,528,1352,695
47,26,2,Simple,456,1344,550
48,7,1,Greedy,88,288,351
48,7,1,Heuristic,88,288,351
48,7,9,Greedy,48,224,287
48,7,9,Heuristic,48,224,287
48,8,5,Greedy,88,344,416
48,8,5,Heuristic,88,344,416
48,10,0,Greedy,120,456,546
48,10,0,Heuristic,120,456,546
48,11,4,Greedy,104,440,539
48,11,4,Heuristic,104,440,539
48,13,7,Greedy,264,584,701
48,13,7,Heuristic,264,584,701
48,13,8,Greedy,160,536,491
48,13,8,Heuristic,160,536,491
48,15,3,Greedy,280,536,517
48,15,3,Heuristic,280,536,517
48,17,6,Greedy,288,712,865
48,17,6,Heuristic,288,712,865
48,19,2,Greedy,328,704,721
48,19,2,Heuristic,328,704,721
48,23,6,Simple,448,1192,1043
48,25,2,Simple,496,1184,721
48,32,4,Simple,848,2120,1073
48,38,8,Simple,1056,2536,491
48,42,0,Simple,1152,3016,813
48,42,1,Simple,1424,3088,885
48,42,5,Simple,1240,3064,861
48,43,7,Simple,1416,2984,879
48,43,9,Simple,1296,3104,821
48,45,3,Simple,1264,2936,517
49,9,1,Greedy,152,528,609
49,9,1,Heuristic,152,528,609
49,10,7,Greedy,152,432,522
49,10,7,Heuristic,152,432,522
49,11,5,Greedy,208,512,611
49,11,5,Heuristic,208,512,611
49,11,8,Greedy,256,656,755
49,11,8,Heuristic,256,656,755
49,11,9,Greedy,192,544,643
49,11,9,Heuristic,192,544,643
49,12,8,Simple,280,736,844
49,13,0,Greedy,280,752,869
49,13,0,Heuristic,280,752,869
49,13,4,Greedy,320,800,917
49,13,4,Heuristic,320,800,917
49,14,6,Greedy,288,712,838
49,14,6,Heuristic,288,712,838
49,16,0,Simple,368,992,869
49,16,2,Greedy,264,696,686
49,16,2,Heuristic,264,696,686
49,16,3,Greedy,288,632,330
49,16,3,Heuristic,288,632,330
49,16,4,Simple,456,1040,1006
49,17,1,Simple,456,1168,965
49,17,5,Simple,400,992,611
49,21,9,Simple,552,1344,643
49,22,6,Simple,576,1352,1016
49,24,2,Simple,552,1336,686
49,29,7,Simple,728,1952,1056
49,31,3,Simple,800,1832,330
50,5,1,Greedy,56,144,189
50,5,1,Heuristic,56,144,189
50,7,7,Greedy,72,264,327
50,7,7,Heuristic,72,264,327
50,7,9,Greedy,64,264,327
50,7,9,Heuristic,64,264,327
50,8,8,Greedy,120,320,392
50,8,8,Heuristic,120,320,392
50,9,4,Greedy,136,440,521
50,9,4,Heuristic,136,440,521
50,10,0,Greedy,160,496,505
50,10,0,Heuristic,160,496,505
50,12,8,Simple,232,640,748
50,13,1,Simple,320,784,901
50,14,0,Simple,296,816,505
50,14,5,Simple,280,712,352
50,14,5,Greedy,280,712,352
50,14,5,Heuristic,280,712,352
50,14,6,Greedy,272,688,814
50,14,6,Heuristic,272,688,814
50,15,4,Simple,344,920,966
50,15,9,Simple,240,904,950
50,18,2,Greedy,328,880,718
50,18,2,Heuristic,328,880,718
50,19,7,Simple,528,1224,1395
50,21,3,Greedy,448,792,167
50,21,3,Heuristic,448,792,167
50,24,3,Simple,552,1032,167
50,42,6,Simple,1224,2928,1170
50,45,2,Simple,1248,3040,718
51,8,1,Greedy,112,376,448
51,8,1,Heuristic,112,376,448
51,9,5,Greedy,136,360,441
51,9,5,Heuristic,136,360,441
51,10,0,Greedy,152,488,578
51,10,0,Heuristic,152,488,578
51,10,4,Greedy,168,456,546
51,10,4,Heuristic,168,456,546
51,10,7,Greedy,144,424,514
51,10,7,Heuristic,144,424,514
51,10,8,Greedy,160,528,618
51,10,8,Heuristic,160,528,618
51,10,9,Greedy,176,368,458
51,10,9,Heuristic,176,368,458
51,12,3,Greedy,128,472,426
51,12,3,Heuristic,128,472,426
51,14,1,Simple,328,856,626
51,14,7,Simple,304,744,692
51,15,5,Simple,304,840,530
51,15,9,Simple,312,768,458
51,22,6,Greedy,288,744,926
51,23,6,Heuristic,344,824,1007
51,24,0,Simple,584,1608,578
51,24,8,Simple,528,1648,618
51,27,2,Greedy,416,1000,911
51,31,3,Simple,680,1992,426
51,34,2,Heuristic,712,1560,911
51,35,4,Simple,1136,2456,1703
51,43,6,Simple,1032,2424,1986
51,52,2,Simple,1376,3000,911
52,10,1,Greedy,168,424,514
52,10,1,Heuristic,168,424,514
52,11,4,Greedy,168,576,675
52,11,4,Heuristic,168,576,675
52,11,5,Greedy,224,496,595
52,11,5,Heuristic,224,496,595
52,11,8,Greedy,208,496,595
52,11,8,Heuristic,208,496,595
52,12,0,Greedy,176,488,515
52,12,0,Heuristic,176,488,515
52,14,8,Simple,304,736,684
52,15,7,Greedy,264,768,903
52,15,7,Heuristic,264,768,903
52,15,9,Greedy,320,760,895
52,15,9,Heuristic,320,760,895
52,16,3,Greedy,312,760,823
52,16,3,Heuristic,312,760,823
52,17,1,Simple,368,984,959
52,19,5,Simple,496,1136,951
52,19,7,Simple,384,1088,992
52,20,6,Greedy,408,1144,1324
52,20,6,Heuristic,408,1144,1324
52,20,9,Simple,496,1160,895
52,21,4,Simple,488,1376,1476
52,22,2,Greedy,312,1056,1044
52,22,2,Heuristic,312,1056,1044
52,23,0,Simple,608,1368,515
52,23,3,Simple,512,1320,823
52,26,6,Simple,608,1624,1502
52,30,2,Simple,560,1696,1044
53,8,0,Greedy,168,344,416
53,8,0,Heuristic,168,344,416
53,8,4,Greedy,120,320,392
53,8,4,Heuristic,120,320,392
53,8,8,Greedy,192,384,456
53,8,8,Heuristic,192,384,456
53,9,1,Greedy,184,480,561
53,9,1,Heuristic,184,480,561
53,10,5,Greedy,224,568,658
53,10,5,Heuristic,224,568,658
53,10,9,Greedy,240,544,634
53,10,9,Heuristic,240,544,634
53,12,7,Greedy,176,552,660
53,12,7,Heuristic,176,552,660
53,13,4,Simple,224,720,837
53,15,3,Greedy,216,568,484
53,15,3,Heuristic,216,568,484
53,15,6,Greedy,224,664,799
53,16,2,Greedy,240,624,760
53,16,6,Heuristic,256,744,880
53,18,2,Heuristic,304,784,760
53,22,1,Simple,640,1520,828
53,22,8,Simple,664,1504,634
53,28,0,Simple,784,1944,505
53,28,5,Simple,832,2008,658
53,33,6,Simple,872,2104,1058
53,34,9,Simple,1224,2464,812
53,35,2,Simple,1048,2144,760
53,47,7,Simple,1272,3352,927
53,51,3,Simple,1496,3448,484
54,6,1,Greedy,96,272,326
54,6,1,Heuristic,96,272,326
54,6,9,Greedy,96,280,334
54,6,9,Heuristic,96,280,334
54,7,7,Greedy,136,272,335
54,7,7,Heuristic,136,272,335
54,9,5,Greedy,200,408,489
54,9,5,Heuristic,200,408,489
54,9,8,Greedy,224,488,569
54,9,8,Heuristic,224,488,569
54,11,0,Greedy,208,576,675
54,11,0,Heuristic,208,576,675
54,11,4,Greedy,208,608,707
54,11,4,Heuristic,208,608,707
54,15,6,Greedy,232,648,783
54,15,6,Heuristic,232,648,783
54,17,4,Simple,344,1088,1063
54,20,3,Greedy,472,856,215
54,20,3,Heuristic,472,856,215
54,21,6,Simple,472,1128,1317
54,23,2,Greedy,376,1072,655
54,23,2,Heuristic,376,1072,655
54,26,0,Simple,760,1776,675
54,26,8,Simple,696,1848,747
54,33,1,Simple,1104,2432,771
54,33,2,Simple,696,1872,655
54,34,5,Simple,1032,2408,489
54,38,9,Simple,1264,2840,601
54,39,7,Simple,1280,2832,1492
54,42,3,Simple,1288,2616,215
55,5,4,Greedy,40,168,213
55,5,4,Heuristic,40,168,213
55,6,1,Greedy,56,264,318
55,6,1,Heuristic,56,264,318
55,6,8,Greedy,48,184,238
55,6,8,Heuristic,48,184,238
55,8,0,Greedy,104,336,254
55,8,0,Heuristic,104,336,254
55,11,9,Greedy,160,472,571
55,11,9,Heuristic,160,472,571
55,12,7,Greedy,216,520,628
55,12,7,Heuristic,216,520,628
55,14,3,Greedy,160,536,508
55,14,3,Heuristic,160,536,508
55,14,5,Greedy,184,744,627
55,14,5,Heuristic,184,744,627
55,15,6,Greedy,256,656,751
55,16,6,Heuristic,280,736,832
55,21,1,Simple,512,1464,1030
55,22,0,Simple,584,1456,254
55,22,9,Simple,536,1352,838
55,23,5,Simple,520,1464,627
55,23,8,Simple,656,1544,950
55,24,2,Greedy,400,1016,672
55,24,2,Heuristic,400,1016,672
55,25,7,Simple,688,1560,806
55,26,3,Simple,584,1496,508
55,27,4,Simple,720,1928,1192
55,29,6,Simple,776,1776,1544
55,33,2,Simple,648,1736,672
56,9,1,Simple,176,456,537
56,9,1,Greedy,176,456,537
56,9,1,Heuristic,176,456,537
56,10,7,Greedy,240,424,514
56,10,7,Heuristic,240,424,514
56,11,5,Greedy,240,560,659
56,11,5,Heuristic,240,560,659
56,11,9,Greedy,208,520,619
56,11,9,Heuristic,208,520,619
56,13,0,Simple,360,680,797
56,13,0,Greedy,360,680,797
56,13,0,Heuristic,360,680,797
56,13,4,Simple,320,688,805
56,13,4,Greedy,320,688,805
56,13,4,Heuristic,320,688,805
56,13,5,Simple,320,720,837
56,13,8,Greedy,264,648,765
56,13,8,Heuristic,264,648,765
56,14,8,Simple,296,728,765
56,20,3,Greedy,432,840,346
56,20,3,Heuristic,432,840,346
56,20,9,Simple,544,1240,619
56,21,7,Simple,640,1304,1404
56,25,6,Greedy,552,1480,1705
56,26,2,Greedy,440,1440,1674
56,28,3,Simple,688,1480,346
56,29,6,Simple,672,1800,2029
56,29,6,Heuristic,672,1800,2029
56,30,2,Heuristic,560,1760,1917
56,32,2,Simple,632,1920,1917
57,5,1,Greedy,72,200,245
57,5,1,Heuristic,72,200,245
57,8,0,Greedy,80,304,376
57,8,0,Heuristic,80,304,376
57,9,5,Greedy,112,416,497
57,9,5,Heuristic,112,416,497
57,9,8,Greedy,104,456,537
57,9,8,Heuristic,104,456,537
57,11,3,Greedy,136,456,555
57,11,3,Heuristic,136,456,555
57,11,7,Greedy,208,536,635
57,11,7,Heuristic,208,536,635
57,13,9,Greedy,240,672,627
57,13,9,Heuristic,240,672,627
57,14,4,Greedy,272,640,766
57,14,4,Heuristic,272,640,766
57,17,6,Greedy,280,632,785
57,17,6,Heuristic,280,632,785
57,19,5,Simple,448,1216,853
57,19,9,Simple,416,1152,627
57,20,7,Simple,496,1256,813
57,21,2,Greedy,312,776,649
57,21,2,Heuristic,312,776,649
57,22,1,Simple,608,1560,1046
57,23,3,Simple,496,1416,555
57,24,0,Simple,624,1584,910
57,24,4,Simple,576,1440,1033
57,24,8,Simple,632,1656,982
57,30,6,Simple,792,1672,1141
57,34,2,Simple,760,1816,649
58,5,1,Greedy,72,240,285
58,5,1,Heuristic,72,240,285
58,5,8,Greedy,64,200,245
58,5,8,Heuristic,64,200,245
58,6,4,Greedy,80,240,294
58,6,4,Heuristic,80,240,294
58,9,5,Greedy,200,424,505
58,9,5,Heuristic,200,424,505
58,9,6,Greedy,88,344,425
58,9,7,Greedy,136,408,489
58,9,7,Heuristic,136,408,489
58,9,9,Greedy,160,424,505
58,9,9,Heuristic,160,424,505
58,11,1,Simple,240,720,819
58,11,6,Heuristic,152,504,587
58,12,2,Greedy,128,440,435
58,13,0,Greedy,272,672,278
58,13,0,Heuristic,272,672,278
58,13,2,Heuristic,144,520,435
58,14,3,Greedy,216,504,289
58,14,3,Heuristic,216,504,289
58,15,5,Simple,376,904,505
58,15,8,Simple,400,1000,957
58,16,4,Simple,328,1040,917
58,19,0,Simple,464,1152,278
58,22,6,Simple,472,1384,765
58,25,9,Simple,720,1704,505
58,31,7,Simple,880,2168,934
58,32,2,Simple,608,2040,435
58,33,3,Simple,880,2024,289
59,8,4,Greedy,80,328,400
59,8,4,Heuristic,80,328,400
59,10,0,Greedy,208,496,586
59,10,0,Heuristic,208,496,586
59,11,0,Simple,264,576,675
59,11,4,Simple,176,568,667
59,12,6,Greedy,160,464,572
59,12,6,Heuristic,160,464,572
59,12,8,Greedy,152,632,740
59,12,8,Heuristic,152,632,740
59,14,1,Greedy,336,832,958
59,14,1,Heuristic,336,832,958
59,15,2,Greedy,160,568,476
59,15,2,Heuristic,160,568,476
59,15,7,Greedy,272,680,815
59,15,7,Heuristic,272,680,815
59,15,9,Greedy,304,800,935
59,15,9,Heuristic,304,800,935
59,16,5,Greedy,312,896,959
59,16,5,Heuristic,312,896,959
59,16,8,Simple,280,952,1096
59,17,1,Simple,424,1072,1136
59,19,6,Simple,384,1024,839
59,20,3,Greedy,320,896,703
59,22,5,Simple,552,1376,959
59,22,7,Simple,528,1240,1438
59,22,9,Simple,520,1360,1024
59,26,3,Heuristic,488,1376,703
59,32,2,Simple,720,1928,476
59,32,3,Simple,688,1856,703
60,8,9,Greedy,112,288,360
60,8,9,Heuristic,112,288,360
60,9,5,Greedy,128,344,425
60,9,5,Heuristic,128,344,425
60,9,8,Greedy,200,376,457
60,9,8,Heuristic,200,376,457
60,10,4,Greedy,168,440,530
60,10,4,Heuristic,168,440,530
60,12,7,Greedy,208,528,636
60,12,7,Heuristic,208,528,636
60,13,0,Greedy,280,656,773
60,13,0,Heuristic,280,656,773
60,14,0,Simple,328,736,862
60,14,4,Simple,336,760,886
60,15,1,Simple,416,824,797
60,15,5,Simple,272,824,959
60,15,6,Greedy,232,640,775
60,15,6,Heuristic,232,640,775
60,16,6,Simple,288,720,864
60,16,8,Simple,456,936,1080
60,17,1,Greedy,480,968,797
60,17,1,Heuristic,480,968,797
60,17,2,Greedy,272,688,687
60,17,2,Heuristic,272,688,687
60,20,3,Greedy,296,880,492
60,21,3,Heuristic,328,960,492
60,24,9,Simple,608,1568,1161
60,29,7,Simple,856,1888,1437
60,34,3,Simple,800,2000,492
60,37,2,Simple,952,2288,687
61,9,4,Greedy,128,448,529
61,9,4,Heuristic,128,448,529
61,10,8,Greedy,152,512,602
61,10,8,Heuristic,152,512,602
61,12,0,Greedy,160,672,780
61,12,0,Heuristic,160,672,780
61,12,6,Greedy,176,552,660
61,12,6,Heuristic,176,552,660
61,14,1,Greedy,280,808,934
61,14,1,Heuristic,280,808,934
61,14,2,Greedy,240,624,596
61,14,2,Heuristic,240,624,596
61,16,5,Greedy,368,928,1072
61,16,5,Heuristic,368,928,1072
61,18,7,Greedy,248,848,1010
61,18,7,Heuristic,248,848,1010
61,18,9,Greedy,336,984,1146
61,18,9,Heuristic,336,984,1146
61,19,4,Simple,440,1248,974
61,21,3,Greedy,328,920,890
61,21,3,Heuristic,328,920,890
61,22,6,Simple,512,1352,838
61,26,0,Simple,592,1792,958
61,26,1,Simple,680,1768,1290
61,26,8,Simple,664,1792,1136
61,30,2,Simple,768,1904,596
61,32,5,Simple,896,2208,1250
61,35,9,Simple,976,2344,1146
61,37,7,Simple,848,2368,1277
61,38,3,Simple,904,2280,890
62,8,4,Greedy,88,312,384
62,8,4,Heuristic,88,312,384
62,9,8,Greedy,96,384,465
62,9,8,Heuristic,96,384,465
62,10,0,Greedy,40,384,474
62,10,0,Heuristic,40,384,474
62,10,1,Greedy,160,464,554
62,10,1,Heuristic,160,464,554
62,12,4,Simple,168,632,740
62,12,6,Greedy,192,568,676
62,12,6,Heuristic,192,568,676
62,14,2,Greedy,136,584,556
62,14,2,Heuristic,136,584,556
62,14,5,Greedy,256,752,878
62,14,5,Heuristic,256,752,878
62,14,9,Greedy,208,736,862
62,14,9,Heuristic,208,736,862
62,15,6,Simple,272,808,854
62,19,8,Simple,432,1184,910
62,20,1,Simple,448,1264,1444
62,20,7,Greedy,392,1152,1332
62,21,7,Heuristic,416,1232,1413
62,22,3,Greedy,400,1008,1125
62,22,3,Heuristic,400,1008,1125
62,23,5,Simple,552,1472,878
62,23,7,Simple,488,1392,1502
62,23,9,Simple,552,1456,1485
62,27,0,Simple,520,1744,474
62,27,2,Simple,528,1624,556
62,33,3,Simple,752,1888,1125
63,6,5,Greedy,88,256,310
63,6,5,Heuristic,88,256,310
63,7,8,Greedy,120,328,391
63,7,8,Heuristic,120,328,391
63,8,1,Greedy,176,368,440
63,8,1,Heuristic,176,368,440
63,8,9,Greedy,104,392,464
63,8,9,Heuristic,104,392,464
63,11,0,Greedy,232,480,579
63,11,0,Heuristic,232,480,579
63,12,8,Simple,272,728,836
63,13,7,Greedy,208,584,701
63,13,7,Heuristic,208,584,701
63,14,0,Simple,304,720,846
63,15,5,Simple,288,976,488
63,16,4,Simple,416,952,1096
63,16,4,Greedy,416,952,1096
63,16,4,Heuristic,416,952,1096
63,17,6,Greedy,312,864,1017
63,17,6,Heuristic,312,864,1017
63,18,1,Simple,504,1168,1152
63,19,2,Greedy,368,896,905
63,19,2,Heuristic,368,896,905
63,19,3,Greedy,336,656,453
63,19,3,Heuristic,336,656,453
63,20,6,Simple,432,1104,1195
63,20,9,Simple,424,1352,909
63,23,2,Simple,496,1216,905
63,26,7,Simple,576,1624,1235
63,28,3,Simple,616,1376,453
64,11,4,Greedy,200,512,611
64,11,4,Heuristic,200,512,611
64,12,8,Greedy,232,600,708
64,12,8,Heuristic,232,600,708
64,13,1,Greedy,280,728,845
64,13,1,Heuristic,280,728,845
64,13,5,Greedy,280,688,805
64,13,5,Heuristic,280,688,805
64,14,7,Greedy,272,736,862
64,14,7,Heuristic,272,736,862
64,14,9,Greedy,240,704,830
64,14,9,Heuristic,240,704,830
64,15,6,Greedy,176,512,647
64,15,6,Heuristic,176,512,647
64,16,0,Greedy,336,880,781
64,16,0,Heuristic,336,880,781
64,19,3,Greedy,304,856,662
64,19,3,Heuristic,304,856,662
64,22,1,Simple,536,1448,1112
64,26,2,Greedy,424,1144,567
64,26,2,Heuristic,424,1144,567
64,26,7,Simple,656,1696,1307
64,27,9,Simple,672,1744,830
64,28,0,Simple,776,1840,781
64,28,8,Simple,680,1880,1064
64,29,4,Simple,776,1952,1056
64,29,5,Simple,816,1968,894
64,30,3,Simple,664,1736,662
64,37,6,Simple,992,2272,1626
64,38,2,Simple,792,2104,567
65,8,1,Greedy,152,432,504
65,8,1,Heuristic,152,432,504
65,8,8,Greedy,96,368,440
65,8,8,Heuristic,96,368,440
65,9,0,Greedy,144,376,457
65,9,0,Heuristic,144,376,457
65,9,5,Greedy,80,472,553
65,9,5,Heuristic,80,472,553
65,11,4,Greedy,176,576,675
65,11,4,Heuristic,176,576,675
65,11,9,Greedy,176,592,691
65,11,9,Heuristic,176,592,691
65,14,6,Greedy,208,704,830
65,14,6,Heuristic,208,704,830
65,14,7,Greedy,312,744,870
65,14,7,Heuristic,312,744,870
65,16,0,Simple,360,936,635
65,16,4,Simple,368,976,942
65,16,8,Simple,400,1008,707
65,18,1,Simple,560,1232,1038
65,18,2,Greedy,264,904,742
65,18,2,Heuristic,264,904,742
65,19,5,Simple,392,1272,731
65,19,7,Simple,520,1144,1315
65,20,3,Greedy,312,800,574
65,20,3,Heuristic,312,800,574
65,21,9,Simple,528,1392,958
65,22,3,Simple,376,960,574
65,25,6,Simple,560,1584,1186
65,27,2,Simple,520,1624,742
66,10,0,Greedy,136,416,506
66,10,0,Heuristic,136,416,506
66,10,1,Greedy,216,472,562
66,10,1,Heuristic,216,472,562
66,10,8,Greedy,200,472,562
66,10,8,Heuristic,200,472,562
66,11,5,Greedy,192,504,603
66,11,5,Heuristic,192,504,603
66,11,9,Greedy,216,520,619
66,11,9,Heuristic,216,520,619
66,12,7,Greedy,256,608,716
66,12,7,Heuristic,256,608,716
66,13,3,Greedy,280,512,548
66,13,3,Heuristic,280,512,548
66,13,4,Greedy,280,576,693
66,13,4,Heuristic,280,576,693
66,14,8,Simple,304,792,829
66,15,0,Simple,288,816,773
66,17,6,Greedy,288,888,1041
66,17,6,Heuristic,288,888,1041
66,18,4,Simple,440,976,1049
66,20,6,Simple,376,1128,1308
66,21,2,Greedy,328,1120,985
66,21,2,Heuristic,328,1120,985
66,23,1,Simple,680,1512,829
66,25,2,Simple,464,1440,985
66,25,5,Simple,648,1624,603
66,27,9,Simple,720,1800,708
66,30,7,Simple,872,2048,805
66,33,3,Simple,976,2112,548
67,8,0,Greedy,96,336,408
67,8,0,Heuristic,96,336,408
67,9,4,Greedy,152,392,473
67,9,4,Heuristic,152,392,473
67,11,1,Greedy,216,648,747
67,11,1,Heuristic,216,648,747
67,12,6,Greedy,264,424,532
67,12,6,Heuristic,264,424,532
67,12,8,Greedy,240,680,788
67,12,8,Heuristic,240,680,788
67,14,5,Greedy,312,784,910
67,14,5,Heuristic,312,784,910
67,15,9,Greedy,336,752,887
67,15,9,Heuristic,336,752,887
67,16,7,Greedy,264,776,920
67,16,7,Heuristic,264,776,920
67,18,3,Greedy,256,824,824
67,18,3,Heuristic,256,824,824
67,19,2,Greedy,408,840,468
67,19,2,Heuristic,408,840,468
67,19,8,Simple,440,1240,966
67,20,0,Simple,496,1296,764
67,20,1,Simple,496,1368,1192
67,22,4,Simple,512,1432,740
67,24,5,Simple,712,1584,999
67,24,7,Simple,528,1416,1098
67,26,3,Simple,496,1464,824
67,26,9,Simple,768,1632,976
67,34,6,Simple,1016,2184,1155
67,36,2,Simple,984,2200,468
68,8,4,Greedy,128,336,408
68,8,4,Heuristic,128,336,408
68,8,8,Greedy,120,344,416
68,8,8,Heuristic,120,344,416
68,9,1,Greedy,128,416,497
68,9,1,Heuristic,128,416,497
68,10,0,Greedy,200,480,489
68,10,0,Heuristic,200,480,489
68,12,5,Greedy,216,440,548
68,12,5,Heuristic,216,440,548
68,12,7,Greedy,184,528,636
68,12,7,Heuristic,184,528,636
68,12,9,Greedy,240,568,676
68,12,9,Heuristic,240,568,676
68,13,6,Greedy,176,464,581
68,13,6,Heuristic,176,464,581
68,14,7,Simple,248,688,814
68,15,3,Greedy,160,632,540
68,15,3,Heuristic,160,632,540
68,18,2,Greedy,224,632,461
68,18,2,Heuristic,224,632,461
68,19,1,Simple,496,1216,764
68,19,9,Simple,528,1128,676
68,20,0,Simple,528,1280,489
68,21,3,Simple,400,1112,540
68,21,5,Simple,552,1160,548
68,22,8,Simple,536,1464,772
68,24,4,Simple,704,1616,853
68,32,6,Simple,792,1984,1026
68,39,2,Simple,856,2312,461
69,9,9,Greedy,104,368,449
69,9,9,Heuristic,104,368,449
69,10,1,Greedy,216,520,610
69,10,1,Heuristic,216,520,610
69,10,4,Simple,152,360,450
69,11,7,Greedy,208,496,595
69,11,7,Heuristic,208,496,595
69,12,0,Greedy,240,576,684
69,12,0,Heuristic,240,576,684
69,12,4,Greedy,248,504,612
69,12,4,Heuristic,248,504,612
69,12,8,Greedy,264,632,740
69,12,8,Heuristic,264,632,740
69,13,5,Greedy,288,696,732
69,13,5,Heuristic,288,696,732
69,16,3,Greedy,240,720,483
69,16,3,Heuristic,240,720,483
69,16,6,Greedy,240,704,848
69,16,6,Heuristic,240,704,848
69,19,6,Simple,328,944,1115
69,21,2,Greedy,280,944,736
69,22,2,Heuristic,320,1024,736
69,23,8,Simple,712,1512,829
69,26,2,Simple,408,1344,736
69,28,0,Simple,864,1856,684
69,29,1,Simple,960,2040,877
69,34,5,Simple,1072,2376,732
69,36,7,Simple,1160,2496,1040
69,40,9,Simple,1256,2848,805
69,43,3,Simple,1152,2880,483
70,6,1,Greedy,96,296,350
70,6,1,Heuristic,96,296,350
70,8,0,Greedy,112,392,464
70,8,0,Heuristic,112,392,464
70,8,5,Greedy,128,408,480
70,8,5,Heuristic,128,408,480
70,8,8,Greedy,184,432,504
70,8,8,Heuristic,184,432,504
70,9,4,Greedy,144,480,561
70,9,4,Heuristic,144,480,561
70,9,7,Greedy,112,392,473
70,9,7,Heuristic,112,392,473
70,10,9,Greedy,184,512,521
70,10,9,Heuristic,184,512,521
70,11,9,Simple,208,592,521
70,13,6,Greedy,176,472,589
70,13,6,Heuristic,176,472,589
70,14,1,Simple,424,936,706
70,15,7,Simple,360,872,1007
70,20,0,Simple,600,1352,553
70,20,2,Greedy,288,720,429
70,20,4,Simple,544,1360,917
70,20,8,Simple,544,1392,593
70,21,2,Heuristic,312,800,429
70,22,5,Simple,632,1528,658
70,24,3,Greedy,408,1000,273
70,24,3,Heuristic,408,1000,273
70,25,3,Simple,456,1080,273
70,26,6,Simple,512,1512,1301
70,32,2,Simple,632,1680,429
71,9,1,Greedy,88,408,489
71,9,1,Heuristic,88,408,489
71,9,5,Greedy,128,360,441
71,9,5,Heuristic,128,360,441
71,10,7,Greedy,112,400,490
71,10,7,Heuristic,112,400,490
71,11,9,Greedy,184,464,482
71,11,9,Heuristic,184,464,482
71,13,0,Greedy,176,608,725
71,13,3,Greedy,184,504,402
71,13,3,Heuristic,184,504,402
71,14,0,Heuristic,192,688,806
71,14,1,Simple,280,808,934
71,15,0,Simple,240,768,895
71,16,4,Simple,312,920,1048
71,16,4,Greedy,312,920,1048
71,16,4,Heuristic,312,920,1048
71,16,8,Greedy,336,872,1016
71,16,8,Heuristic,336,872,1016
71,18,6,Greedy,304,968,1090
71,19,2,Greedy,256,736,883
71,19,8,Simple,432,1112,1016
71,20,7,Simple,464,1200,757
71,25,9,Simple,616,1584,482
71,26,3,Simple,560,1544,402
71,27,6,Simple,624,1688,1755
71,28,5,Simple,728,1880,1064
71,28,6,Heuristic,672,1768,1836
71,29,2,Simple,568,1536,1548
71,29,2,Heuristic,568,1536,1548
72,11,1,Greedy,240,536,635
72,11,1,Heuristic,240,536,635
72,11,7,Greedy,216,424,523
72,11,7,Heuristic,216,424,523
72,11,9,Greedy,184,480,579
72,11,9,Heuristic,184,480,579
72,13,8,Greedy,248,648,765
72,13,8,Heuristic,248,648,765
72,14,0,Simple,344,696,822
72,14,0,Greedy,344,696,822
72,14,0,Heuristic,344,696,822
72,14,4,Simple,272,848,974
72,14,8,Simple,272,728,854
72,15,3,Greedy,272,552,403
72,15,3,Heuristic,272,552,403
72,15,5,Greedy,344,688,677
72,15,5,Heuristic,344,688,677
72,16,5,Simple,376,768,677
72,17,1,Simple,472,1016,1169
72,17,9,Simple,352,960,935
72,18,2,Simple,304,784,946
72,18,4,Greedy,432,1136,1298
72,18,4,Heuristic,432,1136,1298
72,18,6,Simple,440,1032,1194
72,19,6,Greedy,488,1104,1275
72,19,6,Heuristic,488,1104,1275
72,20,2,Greedy,424,928,1027
72,20,2,Heuristic,424,928,1027
72,25,7,Simple,704,1544,879
72,28,3,Simple,712,1592,403
73,5,1,Greedy,72,192,237
73,5,1,Heuristic,72,192,237
73,7,4,Greedy,136,344,407
73,7,4,Heuristic,136,344,407
73,7,5,Greedy,120,288,351
73,7,5,Heuristic,120,288,351
73,7,7,Greedy,48,224,287
73,7,7,Heuristic,48,224,287
73,7,8,Greedy,88,296,359
73,7,8,Heuristic,88,296,359
73,7,9,Greedy,128,256,319
73,7,9,Heuristic,128,256,319
73,9,0,Greedy,128,360,303
73,9,0,Heuristic,128,360,303
73,10,1,Simple,200,592,593
73,13,4,Simple,288,824,941
73,13,8,Simple,288,776,537
73,14,6,Greedy,256,640,766
73,14,6,Heuristic,256,640,766
73,15,2,Greedy,232,592,638
73,15,2,Heuristic,232,592,638
73,16,5,Simple,360,1008,351
73,16,7,Simple,384,944,1088
73,16,9,Simple,392,976,319
73,19,0,Simple,416,1160,303
73,21,3,Greedy,320,864,207
73,22,3,Heuristic,344,944,207
73,27,3,Simple,512,1344,207
73,30,6,Simple,632,1920,855
73,35,2,Simple,824,2192,638
74,7,1,Greedy,144,344,407
74,7,1,Heuristic,144,344,407
74,7,4,Greedy,80,296,359
74,7,4,Heuristic,80,296,359
74,7,8,Greedy,104,296,359
74,7,8,Heuristic,104,296,359
74,9,0,Simple,136,352,303
74,9,1,Simple,200,504,585
74,9,7,Greedy,152,440,521
74,9,7,Heuristic,152,440,521
74,9,8,Simple,152,456,537
74,9,9,Greedy,144,416,497
74,9,9,Heuristic,144,416,497
74,10,0,Greedy,168,424,303
74,10,0,Heuristic,168,424,303
74,10,4,Simple,208,536,626
74,11,7,Simple,200,600,699
74,11,9,Simple,224,576,675
74,12,5,Greedy,280,608,473
74,12,5,Heuristic,280,608,473
74,14,5,Simple,344,768,473
74,18,3,Simple,320,720,313
74,18,3,Greedy,320,720,313
74,18,3,Heuristic,320,720,313
74,21,6,Greedy,344,1000,1189
74,21,6,Heuristic,344,1000,1189
74,22,2,Greedy,264,936,1053
74,22,2,Heuristic,264,936,1053
74,26,6,Simple,488,1400,1278
74,31,2,Simple,552,1656,1053
75,5,0,Greedy,24,192,237
75,5,0,Heuristic,24,192,237
75,5,4,Greedy,40,232,277
75,5,4,Heuristic,40,232,277
75,5,8,Greedy,16,192,237
75,5,8,Heuristic,16,192,237
75,7,1,Greedy,104,304,367
75,7,1,Heuristic,104,304,367
75,8,5,Greedy,144,320,392
75,8,5,Heuristic,144,320,392
75,10,7,Greedy,88,360,450
75,10,7,Heuristic,88,360,450
75,10,9,Greedy,232,480,570
75,10,9,Heuristic,232,480,570
75,12,6,Greedy,160,512,620
75,12,6,Heuristic,160,512,620
75,16,1,Simple,392,1024,634
75,16,4,Simple,336,1112,900
75,17,5,Simple,464,1040,570
75,18,0,Simple,416,1232,415
75,18,2,Greedy,344,704,420
75,18,9,Simple,480,1120,570
75,19,2,Heuristic,376,784,420
75,20,3,Greedy,240,904,370
75,23,6,Simple,496,1392,1243
75,23,8,Simple,528,1632,504
75,24,3,Heuristic,368,1224,370
75,24,7,Simple,480,1480,1696
75,30,2,Simple,760,1664,420
75,41,3,Simple,952,2584,370
76,6,0,Greedy,112,256,310
76,6,0,Heuristic,112,256,310
76,6,8,Greedy,136,272,326
76,6,8,Heuristic,136,272,326
76,8,1,Greedy,200,440,512
76,8,1,Heuristic,200,440,512
76,12,4,Greedy,288,704,812
76,12,4,Heuristic,288,704,812
76,12,5,Greedy,216,536,644
76,12,5,Heuristic,216,536,644
76,13,7,Greedy,152,400,517
76,13,7,Heuristic,152,400,517
76,13,9,Greedy,264,632,749
76,13,9,Heuristic,264,632,749
76,17,3,Greedy,184,584,437
76,17,4,Simple,488,1104,1257
76,17,6,Greedy,208,488,625
76,17,8,Simple,520,1152,860
76,18,0,Simple,544,1216,844
76,19,1,Simple,568,1320,957
76,20,6,Heuristic,272,728,868
76,21,5,Simple,584,1256,733
76,22,6,Simple,384,888,1046
76,22,9,Simple,600,1352,749
76,23,2,Greedy,296,736,660
76,23,3,Heuristic,368,1064,437
76,27,2,Simple,408,1056,660
76,27,7,Simple,624,1520,1407
76,30,2,Heuristic,528,1296,660
76,34,3,Simple,728,1944,437
77,10,4,Greedy,208,512,602
77,10,4,Heuristic,208,512,602
77,10,8,Greedy,176,472,562
77,10,8,Heuristic,176,472,562
77,11,1,Greedy,232,616,715
77,11,1,Heuristic,232,616,715
77,11,5,Greedy,200,480,579
77,11,5,Heuristic,200,480,579
77,11,6,Greedy,160,376,475
77,11,6,Heuristic,160,376,475
77,14,0,Greedy,200,664,547
77,14,0,Heuristic,200,664,547
77,14,9,Greedy,200,632,758
77,14,9,Heuristic,200,632,758
77,16,9,Simple,256,792,936
77,17,7,Greedy,416,920,1073
77,17,7,Heuristic,416,920,1073
77,18,7,Simple,456,1000,1162
77,19,1,Simple,512,1256,1249
77,20,3,Greedy,472,1000,937
77,20,3,Heuristic,472,1000,937
77,21,2,Greedy,336,960,403
77,21,2,Heuristic,336,960,403
77,22,0,Simple,456,1304,547
77,22,3,Simple,536,1160,937
77,23,4,Simple,640,1552,958
77,23,8,Simple,640,1512,918
77,27,6,Simple,648,1656,1365
77,29,5,Simple,824,1920,846
77,30,2,Simple,584,1680,403
78,5,0,Greedy,40,176,221
78,5,0,Heuristic,40,176,221
78,6,1,Greedy,48,296,350
78,6,1,Heuristic,48,296,350
78,6,4,Greedy,48,272,326
78,6,4,Heuristic,48,272,326
78,7,8,Greedy,96,288,351
78,7,8,Heuristic,96,288,351
78,8,7,Greedy,96,376,448
78,8,7,Heuristic,96,376,448
78,8,9,Greedy,72,376,448
78,8,9,Heuristic,72,376,448
78,9,4,Simple,136,512,593
78,12,5,Greedy,144,592,376
78,12,5,Heuristic,144,592,376
78,12,6,Greedy,144,560,668
78,12,6,Heuristic,144,560,668
78,16,0,Simple,344,1056,399
78,16,3,Greedy,264,648,280
78,16,3,Heuristic,264,648,280
78,16,8,Simple,424,1008,796
78,17,6,Simple,240,960,1113
78,18,1,Simple,448,1256,884
78,23,2,Greedy,360,1008,460
78,23,2,Heuristic,360,1008,460
78,27,5,Simple,656,1792,376
78,27,7,Simple,664,1896,1160
78,27,9,Simple,680,1896,804
78,28,2,Simple,536,1408,460
78,41,3,Simple,1112,2648,280
79,7,1,Greedy,128,312,375
79,7,1,Heuristic,128,312,375
79,7,8,Greedy,104,208,271
79,7,8,Heuristic,104,208,271
79,8,9,Greedy,112,360,432
79,8,9,Heuristic,112,360,432
79,9,0,Greedy,120,320,401
79,9,0,Heuristic,120,320,401
79,9,7,Greedy,168,440,521
79,9,7,Heuristic,168,440,521
79,10,4,Greedy,224,480,570
79,10,4,Heuristic,224,480,570
79,11,6,Greedy,120,432,531
79,11,6,Heuristic,120,432,531
79,12,5,Greedy,128,376,224
79,12,5,Heuristic,128,376,224
79,13,0,Simple,272,640,490
79,13,1,Simple,320,792,820
79,13,4,Simple,320,720,659
79,14,2,Greedy,160,560,459
79,14,2,Heuristic,160,560,459
79,14,5,Simple,216,536,224
79,14,9,Simple,288,840,788
79,16,8,Simple,400,928,716
79,18,6,Simple,352,992,798
79,18,7,Simple,448,1160,1322
79,19,2,Simple,312,960,459
79,24,3,Greedy,384,920,265
79,24,3,Heuristic,384,920,265
79,25,3,Simple,432,1000,265
80,5,1,Greedy,64,208,253
80,5,1,Heuristic,64,208,253
80,7,4,Greedy,88,336,399
80,7,4,Heuristic,88,336,399
80,8,0,Greedy,128,344,416
80,8,0,Heuristic,128,344,416
80,8,9,Greedy,104,296,368
80,8,9,Heuristic,104,296,368
80,9,8,Greedy,232,416,497
80,9,8,Heuristic,232,416,497
80,11,5,Greedy,200,520,457
80,11,5,Heuristic,200,520,457
80,12,6,Greedy,112,448,556
80,12,6,Heuristic,112,448,556
80,17,4,Simple,344,1136,844
80,18,7,Greedy,320,832,994
80,18,7,Heuristic,320,832,994
80,19,0,Simple,440,1224,505
80,19,1,Simple,504,1328,1410
80,19,8,Simple,472,1216,675
80,20,2,Greedy,264,864,476
80,21,2,Heuristic,288,944,476
80,22,3,Greedy,408,1016,890
80,22,3,Heuristic,408,1016,890
80,24,6,Simple,432,1408,1357
80,25,7,Simple,584,1392,1350
80,26,2,Simple,472,1344,476
80,27,9,Simple,712,1816,1258
80,28,3,Simple,632,1496,890
80,32,5,Simple,832,2200,457
81,11,1,Greedy,176,408,507
81,11,1,Heuristic,176,408,507
81,11,5,Greedy,168,488,587
81,11,5,Heuristic,168,488,587
81,11,7,Greedy,208,456,555
81,11,7,Heuristic,208,456,555
81,12,9,Greedy,232,600,627
81,12,9,Heuristic,232,600,627
81,13,0,Greedy,192,544,661
81,13,0,Heuristic,192,544,661
81,13,4,Greedy,272,616,733
81,13,4,Heuristic,272,616,733
81,13,8,Greedy,160,568,685
81,13,8,Heuristic,160,568,685
81,16,3,Greedy,240,672,451
81,16,3,Heuristic,240,672,451
81,17,1,Simple,312,888,685
81,19,6,Greedy,424,1040,1211
81,19,6,Heuristic,424,1040,1211
81,20,2,Greedy,280,784,883
81,20,2,Heuristic,280,784,883
81,21,7,Simple,512,1256,1000
81,22,4,Simple,528,1336,1267
81,22,5,Simple,512,1368,765
81,22,9,Simple,504,1400,627
81,23,0,Simple,504,1344,661
81,25,6,Simple,600,1520,1300
81,25,8,Simple,624,1528,685
81,29,3,Simple,704,1712,451
81,33,2,Simple,672,1824,883
82,4,1,Greedy,64,160,196
82,4,1,Heuristic,64,160,196
82,5,8,Greedy,64,216,261
82,5,8,Heuristic,64,216,261
82,6,0,Greedy,80,224,278
82,6,0,Heuristic,80,224,278
82,7,5,Greedy,160,304,367
82,7,5,Heuristic,160,304,367
82,8,7,Greedy,168,392,464
82,8,7,Heuristic,168,392,464
82,8,9,Greedy,176,352,424
82,8,9,Heuristic,176,352,424
82,9,1,Simple,240,560,641
82,9,4,Greedy,144,344,425
82,9,4,Heuristic,144,344,425
82,9,8,Simple,192,536,617
82,12,4,Simple,240,584,692
82,12,7,Simple,280,712,820
82,13,6,Greedy,240,544,637
82,14,2,Greedy,176,504,606
82,14,5,Simple,416,864,456
82,14,9,Simple,392,832,424
82,15,6,Heuristic,296,704,783
82,17,0,Simple,416,1104,545
82,17,2,Heuristic,272,744,679
82,21,6,Simple,520,1184,961
82,22,3,Greedy,408,824,208
82,22,3,Heuristic,408,824,208
82,28,3,Simple,592,1304,208
82,29,2,Simple,680,1704,679
83,9,1,Greedy,144,456,537
83,9,1,Heuristic,144,456,537
83,9,8,Greedy,40,464,545
83,9,8,Heuristic,40,464,545
83,10,4,Greedy,96,448,538
83,10,4,Heuristic,96,448,538
83,12,0,Greedy,200,536,490
83,12,0,Heuristic,200,536,490
83,13,0,Simple,216,616,490
83,13,4,Simple,192,688,805
83,13,5,Greedy,176,616,733
83,13,5,Heuristic,176,616,733
83,13,7,Greedy,280,632,749
83,13,7,Heuristic,280,632,749
83,13,9,Greedy,232,624,741
83,13,9,Heuristic,232,624,741
83,14,8,Simple,152,864,901
83,15,1,Simple,384,936,893
83,15,3,Greedy,272,624,597
83,15,3,Heuristic,272,624,597
83,15,5,Simple,256,776,733
83,17,9,Simple,352,944,741
83,21,6,Greedy,432,896,1085
83,21,6,Heuristic,432,896,1085
83,22,7,Simple,600,1352,927
83,23,2,Greedy,416,952,997
83,23,2,Heuristic,416,952,997
83,27,3,Simple,664,1584,597
83,29,6,Simple,640,1536,1263
83,36,2,Simple,768,1992,997
84,8,1,Greedy,112,336,408
84,8,1,Heuristic,112,336,408
84,9,9,Greedy,104,384,465
84,9,9,Heuristic,104,384,465
84,11,7,Greedy,192,424,523
84,11,7,Heuristic,192,424,523
84,13,5,Greedy,224,656,773
84,13,5,Heuristic,224,656,773
84,14,8,Greedy,240,704,830
84,14,8,Heuristic,240,704,830
84,15,0,Greedy,272,680,815
84,15,0,Heuristic,272,680,815
84,18,4,Greedy,328,912,1074
84,18,4,Heuristic,328,912,1074
84,21,9,Simple,440,1344,821
84,22,8,Simple,520,1344,1186
84,23,0,Simple,536,1320,1082
84,23,4,Simple,464,1312,1519
84,23,5,Simple,544,1456,862
84,23,6,Greedy,432,1128,1335
84,23,6,Heuristic,432,1128,1335
84,23,7,Simple,544,1384,1591
84,24,1,Simple,664,1616,1298
84,25,3,Greedy,448,1032,411
84,25,3,Heuristic,448,1032,411
84,27,3,Simple,504,1192,411
84,29,2,Greedy,480,1408,1215
84,29,2,Heuristic,480,1408,1215
84,38,6,Simple,888,2328,1869
84,40,2,Simple,824,2288,1215
85,6,0,Greedy,64,256,310
85,6,0,Heuristic,64,256,310
85,7,1,Greedy,104,376,439
85,7,1,Heuristic,104,376,439
85,7,4,Greedy,40,296,359
85,7,4,Heuristic,40,296,359
85,8,8,Greedy,112,400,472
85,8,8,Heuristic,112,400,472
85,8,9,Greedy,184,400,472
85,8,9,Heuristic,184,400,472
85,9,6,Greedy,72,312,393
85,9,6,Heuristic,72,312,393
85,9,7,Greedy,160,464,545
85,9,7,Heuristic,160,464,545
85,10,5,Greedy,176,440,368
85,10,5,Heuristic,176,440,368
85,13,2,Greedy,144,472,313
85,13,3,Greedy,224,424,265
85,13,3,Heuristic,224,424,265
85,14,2,Heuristic,168,552,313
85,15,4,Simple,312,936,537
85,17,0,Simple,312,1136,488
85,18,1,Simple,448,1256,706
85,20,5,Simple,496,1240,368
85,20,9,Simple,504,1360,650
85,21,7,Simple,512,1424,901
85,22,8,Simple,544,1520,650
85,27,3,Simple,632,1544,265
85,27,6,Simple,696,1752,838
85,29,2,Simple,680,1752,313
86,6,4,Greedy,96,288,342
86,6,4,Heuristic,96,288,342
86,7,8,Greedy,104,288,351
86,7,8,Heuristic,104,288,351
86,8,0,Greedy,112,368,440
86,8,0,Heuristic,112,368,440
86,10,5,Greedy,216,496,586
86,10,5,Heuristic,216,496,586
86,11,9,Greedy,160,488,587
86,11,9,Heuristic,160,488,587
86,14,1,Greedy,312,768,894
86,14,1,Heuristic,312,768,894
86,16,6,Greedy,248,880,1024
86,16,6,Heuristic,248,880,1024
86,18,0,Simple,400,1168,974
86,18,2,Greedy,208,904,904
86,18,2,Heuristic,208,904,904
86,18,7,Greedy,328,904,1066
86,18,7,Heuristic,328,904,1066
86,18,8,Simple,432,1168,974
86,19,3,Greedy,328,840,930
86,19,3,Heuristic,328,840,930
86,19,4,Simple,448,1328,1232
86,22,5,Simple,656,1456,942
86,23,1,Simple,592,1488,1250
86,23,9,Simple,528,1448,1210
86,24,6,Simple,512,1520,1202
86,27,2,Simple,456,1624,904
86,30,7,Simple,744,1864,1155
86,34,3,Simple,856,2040,930
87,10,7,Greedy,136,408,498
87,10,7,Heuristic,136,408,498
87,11,1,Greedy,232,608,707
87,11,1,Heuristic,232,608,707
87,12,0,Greedy,184,504,612
87,12,0,Heuristic,184,504,612
87,12,4,Greedy,216,648,756
87,12,4,Heuristic,216,648,756
87,12,8,Greedy,248,664,772
87,12,8,Heuristic,248,664,772
87,13,6,Greedy,208,488,605
87,13,6,Heuristic,208,488,605
87,14,4,Simple,288,808,845
87,14,9,Greedy,248,672,798
87,14,9,Heuristic,248,672,798
87,16,0,Simple,360,824,612
87,17,2,Greedy,136,560,437
87,17,2,Heuristic,136,560,437
87,18,1,Simple,480,1168,1330
87,18,8,Simple,464,1144,1306
87,19,3,Greedy,352,832,330
87,19,3,Heuristic,352,832,330
87,19,5,Greedy,536,1056,822
87,19,5,Heuristic,536,1056,822
87,20,5,Simple,560,1136,822
87,20,6,Simple,456,1048,961
87,22,2,Simple,320,960,437
87,27,7,Simple,712,1768,1299
87,28,9,Simple,736,1792,1243
87,31,3,Simple,824,1792,330
88,6,1,Greedy,96,272,326
88,6,1,Heuristic,96,272,326
88,8,5,Greedy,144,360,432
88,8,5,Heuristic,144,360,432
88,8,9,Greedy,144,368,440
88,8,9,Heuristic,144,368,440
88,11,4,Greedy,208,544,643
88,11,4,Heuristic,208,544,643
88,11,8,Greedy,248,488,587
88,11,8,Heuristic,248,488,587
88,12,7,Greedy,224,424,532
88,12,7,Heuristic,224,424,532
88,13,0,Greedy,224,704,659
88,13,0,Heuristic,224,704,659
88,16,4,Simple,384,944,1088
88,18,8,Simple,496,1048,765
88,19,6,Greedy,296,968,1091
88,20,0,Simple,488,1264,659
88,20,5,Simple,520,1320,699
88,22,2,Greedy,384,1080,1214
88,22,3,Greedy,384,816,412
88,22,3,Heuristic,384,816,412
88,22,6,Heuristic,400,1208,1334
88,23,6,Simple,432,1288,1423
88,24,1,Simple,792,1712,949
88,26,2,Simple,544,1400,1214
88,26,2,Heuristic,544,1400,1214
88,27,9,Simple,800,1888,796
88,31,7,Simple,960,1944,1422
88,40,3,Simple,1040,2256,412
89,7,9,Greedy,40,280,343
89,7,9,Heuristic,40,280,343
89,8,7,Greedy,104,368,440
89,8,7,Heuristic,104,368,440
89,12,1,Greedy,224,672,780
89,12,1,Heuristic,224,672,780
89,13,5,Greedy,168,672,789
89,13,5,Heuristic,168,672,789
89,14,3,Greedy,208,664,312
89,14,3,Heuristic,208,664,312
89,16,1,Simple,328,992,1136
89,16,5,Simple,272,912,1056
89,17,8,Greedy,360,1000,1153
89,17,8,Heuristic,360,1000,1153
89,18,7,Simple,368,1168,974
89,19,0,Greedy,448,1136,1307
89,19,0,Heuristic,448,1136,1307
89,19,8,Simple,408,1160,1331
89,20,4,Greedy,560,1256,1436
89,20,4,Heuristic,560,1256,1436
89,20,9,Simple,512,1320,877
89,21,0,Simple,520,1296,1396
89,22,6,Greedy,464,1120,1318
89,22,6,Heuristic,464,1120,1318
89,23,2,Greedy,336,872,998
89,23,2,Heuristic,336,872,998
89,23,3,Simple,448,1384,312
89,23,4,Simple,640,1496,1614
89,26,6,Simple,624,1440,1407
89,27,2,Simple,496,1192,998
90,9,1,Greedy,192,392,473
90,9,1,Heuristic,192,392,473
90,9,4,Greedy,120,432,513
90,9,4,Heuristic,120,432,513
90,9,8,Greedy,152,344,425
90,9,8,Heuristic,152,344,425
90,11,5,Greedy,208,472,571
90,11,5,Heuristic,208,472,571
90,13,0,Greedy,216,664,473
90,13,0,Heuristic,216,664,473
90,13,6,Greedy,216,544,661
90,13,6,Heuristic,216,544,661
90,13,9,Greedy,320,600,717
90,13,9,Heuristic,320,600,717
90,16,9,Simple,456,840,984
90,23,1,Simple,688,1512,1719
90,23,5,Simple,640,1432,749
90,24,2,Greedy,376,928,445
90,24,2,Heuristic,376,928,445
90,24,8,Simple,560,1544,781
90,26,7,Simple,688,1512,1746
90,26,7,Greedy,688,1512,1746
90,26,7,Heuristic,688,1512,1746
90,27,0,Simple,768,1784,473
90,27,3,Simple,664,1336,1498
90,27,3,Greedy,664,1336,1498
90,27,3,Heuristic,664,1336,1498
90,31,4,Simple,952,2192,869
90,40,6,Simple,1184,2704,1640
90,47,2,Simple,1192,2768,445
91,10,9,Greedy,112,456,546
91,10,9,Heuristic,112,456,546
91,11,5,Greedy,152,568,667
91,11,5,Heuristic,152,568,667
91,12,7,Greedy,152,592,700
91,12,7,Heuristic,152,592,700
91,13,8,Greedy,232,736,853
91,13,8,Heuristic,232,736,853
91,14,1,Greedy,224,760,886
91,14,1,Heuristic,224,760,886
91,14,4,Greedy,192,792,918
91,14,4,Heuristic,192,792,918
91,15,0,Greedy,352,800,854
91,15,0,Heuristic,352,800,854
91,15,1,Simple,256,840,975
91,16,6,Greedy,200,840,984
91,19,5,Simple,400,1208,934
91,19,7,Simple,384,1152,1323
91,20,2,Greedy,248,800,980
91,20,4,Simple,368,1272,1452
91,22,3,Greedy,240,672,292
91,22,3,Heuristic,240,672,292
91,22,8,Simple,568,1456,1031
91,22,9,Simple,480,1416,902
91,23,0,Simple,616,1440,854
91,23,6,Heuristic,392,1400,1551
91,24,3,Simple,312,832,292
91,24,6,Simple,416,1480,1640
91,25,2,Heuristic,376,1200,1223
91,31,2,Simple,640,1680,1223
92,5,1,Greedy,80,208,253
92,5,1,Heuristic,80,208,253
92,8,0,Greedy,88,344,416
92,8,0,Heuristic,88,344,416
92,8,4,Greedy,136,400,472
92,8,4,Heuristic,136,400,472
92,10,8,Greedy,128,544,634
92,10,8,Heuristic,128,544,634
92,11,5,Greedy,168,520,619
92,11,5,Heuristic,168,520,619
92,11,9,Greedy,176,584,683
92,11,9,Heuristic,176,584,683
92,12,6,Greedy,192,424,532
92,12,6,Heuristic,192,424,532
92,13,7,Greedy,264,648,765
92,13,7,Heuristic,264,648,765
92,16,2,Greedy,240,584,436
92,16,2,Heuristic,240,584,436
92,16,5,Simple,296,920,619
92,17,3,Greedy,320,616,493
92,17,3,Heuristic,320,616,493
92,17,4,Simple,440,1120,828
92,19,6,Simple,408,984,888
92,20,1,Simple,528,1408,965
92,20,9,Simple,480,1304,861
92,21,0,Simple,536,1384,594
92,21,2,Simple,392,984,436
92,24,7,Simple,616,1528,1121
92,27,8,Simple,656,1904,723
92,32,3,Simple,848,1816,493
93,8,1,Greedy,144,432,504
93,8,1,Heuristic,144,432,504
93,8,8,Greedy,152,376,448
93,8,8,Heuristic,152,376,448
93,9,5,Greedy,200,432,513
93,9,5,Heuristic,200,432,513
93,9,9,Greedy,144,448,529
93,9,9,Heuristic,144,448,529
93,10,0,Greedy,80,392,482
93,10,0,Heuristic,80,392,482
93,11,4,Greedy,120,536,635
93,11,4,Heuristic,120,536,635
93,12,7,Greedy,224,648,756
93,12,7,Heuristic,224,648,756
93,13,6,Greedy,144,456,573
93,18,2,Greedy,296,688,850
93,18,5,Simple,480,1152,513
93,18,9,Simple,440,1168,796
93,19,3,Greedy,312,840,508
93,20,3,Heuristic,320,920,508
93,20,7,Simple,512,1288,1468
93,22,1,Simple,608,1552,860
93,23,0,Simple,504,1432,571
93,23,4,Simple,528,1496,1703
93,23,8,Simple,584,1576,715
93,24,3,Simple,472,1240,508
93,29,6,Heuristic,536,1736,1869
93,31,2,Heuristic,600,1728,1741
93,39,6,Simple,840,2536,2047
93,40,2,Simple,880,2448,1741
94,9,4,Greedy,144,464,545
94,9,4,Heuristic,144,464,545
94,10,0,Greedy,152,488,578
94,10,0,Heuristic,152,488,578
94,10,8,Greedy,192,504,594
94,10,8,Heuristic,192,504,594
94,11,1,Greedy,216,600,699
94,11,1,Heuristic,216,600,699
94,11,5,Greedy,240,536,635
94,11,5,Heuristic,240,536,635
94,12,6,Greedy,208,480,588
94,12,6,Heuristic,208,480,588
94,12,9,Greedy,240,624,732
94,12,9,Heuristic,240,624,732
94,15,2,Greedy,168,544,444
94,15,2,Heuristic,168,544,444
94,17,7,Greedy,344,856,1009
94,19,7,Heuristic,408,1016,1171
94,20,3,Greedy,424,824,899
94,22,3,Heuristic,480,984,899
94,26,1,Simple,648,1800,1411
94,28,4,Simple,872,1984,812
94,28,5,Simple,616,1896,724
94,29,9,Simple,760,1984,1355
94,30,0,Simple,816,2088,667
94,30,6,Simple,792,1920,855
94,31,2,Simple,624,1824,444
94,32,8,Simple,944,2264,683
94,39,7,Simple,1152,2616,1438
94,40,3,Simple,1112,2424,899
95,8,0,Greedy,128,344,416
95,8,0,Heuristic,128,344,416
95,8,4,Greedy,112,328,400
95,8,4,Heuristic,112,328,400
95,8,8,Greedy,120,368,440
95,8,8,Heuristic,120,368,440
95,10,1,Greedy,264,488,578
95,10,1,Heuristic,264,488,578
95,10,5,Simple,248,488,578
95,10,5,Greedy,248,488,578
95,10,5,Heuristic,248,488,578
95,10,9,Simple,160,464,554
95,11,4,Simple,216,568,667
95,11,9,Greedy,184,536,635
95,11,9,Heuristic,184,536,635
95,12,1,Simple,320,648,756
95,13,0,Simple,280,744,594
95,13,8,Simple,264,768,618
95,15,7,Greedy,304,728,863
95,15,7,Heuristic,304,728,863
95,18,7,Simple,408,968,1130
95,20,3,Greedy,320,704,519
95,20,3,Heuristic,320,704,519
95,21,6,Greedy,352,1048,1237
95,23,2,Greedy,336,872,1055
95,23,6,Heuristic,440,1208,1399
95,25,6,Simple,472,1368,1577
95,27,2,Heuristic,432,1192,1055
95,29,2,Simple,512,1352,1055
95,29,3,Simple,592,1424,519
96,7,4,Greedy,152,320,383
96,7,4,Heuristic,152,320,383
96,11,8,Greedy,224,536,635
96,11,8,Heuristic,224,536,635
96,12,0,Greedy,288,552,660
96,12,0,Heuristic,288,552,660
96,12,1,Greedy,136,600,708
96,12,1,Heuristic,136,600,708
96,14,5,Greedy,264,672,798
96,14,5,Heuristic,264,672,798
96,14,6,Greedy,216,552,678
96,14,6,Heuristic,216,552,678
96,14,9,Greedy,272,744,870
96,14,9,Heuristic,272,744,870
96,16,1,Simple,256,920,1064
96,18,2,Greedy,264,664,534
96,18,2,Heuristic,264,664,534
96,18,7,Greedy,424,1008,1170
96,18,7,Heuristic,424,1008,1170
96,19,3,Greedy,360,912,1002
96,19,3,Heuristic,360,912,1002
96,19,5,Simple,424,1072,798
96,21,4,Simple,544,1440,1006
96,21,7,Simple,512,1248,1259
96,21,8,Simple,568,1336,902
96,22,9,Simple,544,1384,1226
96,23,0,Simple,640,1432,660
96,23,6,Simple,472,1272,1034
96,30,3,Simple,728,1792,1002
96,32,2,Simple,656,1784,534
97,8,1,Simple,152,416,488
97,8,1,Greedy,152,416,488
97,8,1,Heuristic,152,416,488
97,8,8,Greedy,80,384,456
97,8,8,Heuristic,80,384,456
97,9,5,Greedy,160,448,529
97,9,5,Heuristic,160,448,529
97,9,7,Simple,168,376,457
97,9,7,Greedy,168,376,457
97,9,7,Heuristic,168,376,457
97,9,9,Greedy,184,440,521
97,9,9,Heuristic,184,440,521
97,10,4,Greedy,248,512,602
97,10,4,Heuristic,248,512,602
97,11,0,Greedy,240,512,530
97,11,0,Heuristic,240,512,530
97,11,9,Simple,240,600,521
97,13,3,Greedy,264,528,345
97,13,3,Heuristic,264,528,345
97,13,4,Simple,344,752,869
97,13,5,Simple,352,768,529
97,14,8,Simple,304,864,723
97,16,0,Simple,480,912,530
97,16,3,Simple,384,768,345
97,16,6,Greedy,352,872,1016
97,16,6,Heuristic,352,872,1016
97,17,2,Greedy,304,816,888
97,18,6,Simple,416,1032,1194
97,19,2,Heuristic,368,976,888
97,25,2,Simple,560,1456,888
98,12,4,Greedy,200,560,668
98,12,4,Heuristic,200,560,668
98,15,0,Greedy,312,760,895
98,15,0,Heuristic,312,760,895
98,15,4,Simple,264,800,935
98,16,1,Greedy,520,968,1112
98,16,1,Heuristic,520,968,1112
98,18,1,Simple,592,1128,1290
98,18,6,Greedy,224,784,946
98,18,6,Heuristic,224,784,946
98,19,0,Simple,464,1080,1251
98,19,2,Greedy,264,792,882
98,19,2,Heuristic,264,792,882
98,21,5,Simple,504,1248,1437
98,21,5,Greedy,504,1248,1437
98,21,5,Heuristic,504,1248,1437
98,21,7,Simple,608,1296,1485
98,21,7,Greedy,608,1296,1485
98,21,7,Heuristic,608,1296,1485
98,21,8,Simple,552,1216,1405
98,21,8,Greedy,552,1216,1405
98,21,8,Heuristic,552,1216,1405
98,21,9,Simple,616,1304,1493
98,21,9,Greedy,616,1304,1493
98,21,9,Heuristic,616,1304,1493
98,22,3,Greedy,480,1168,1285
98,22,3,Heuristic,480,1168,1285
98,25,6,Simple,488,1344,1035
98,27,3,Simple,616,1568,1285
98,33,2,Simple,696,1912,882
99,7,1,Greedy,80,320,383
99,7,1,Heuristic,80,320,383
99,8,8,Greedy,80,360,432
99,8,8,Heuristic,80,360,432
99,8,9,Greedy,72,312,384
99,8,9,Heuristic,72,312,384
99,9,5,Greedy,96,392,392
99,9,5,Heuristic,96,392,392
99,10,0,Greedy,104,496,586
99,10,0,Heuristic,104,496,586
99,12,7,Greedy,184,512,620
99,12,7,Heuristic,184,512,620
99,13,4,Greedy,240,728,845
99,13,4,Heuristic,240,728,845
99,16,6,Greedy,144,624,768
99,16,6,Heuristic,144,624,768
99,17,2,Greedy,112,632,704
99,18,2,Heuristic,112,712,704
99,23,3,Greedy,320,984,452
99,23,3,Heuristic,320,984,452
99,24,4,Simple,632,1608,1112
99,26,8,Simple,712,1800,877
99,27,0,Simple,640,1856,853
99,27,1,Simple,752,1920,917
99,28,5,Simple,736,1912,392
99,36,6,Simple,584,2224,946
99,36,9,Simple,1000,2552,740
99,37,7,Simple,1080,2512,1599
99,43,2,Simple,784,2712,704
99,47,3,Simple,1072,2904,452
100,8,7,Greedy,72,344,416
100,8,7,Heuristic,72,344,416
100,8,9,Greedy,72,288,360
100,8,9,Heuristic,72,288,360
100,9,1,Greedy,152,472,553
100,9,1,Heuristic,152,472,553
100,11,5,Greedy,168,496,595
100,11,5,Heuristic,168,496,595
100,12,3,Greedy,120,432,256
100,12,3,Heuristic,120,432,256
100,12,8,Greedy,224,576,684
100,12,8,Heuristic,224,576,684
100,13,0,Greedy,216,648,765
100,13,0,Heuristic,216,648,765
100,15,4,Greedy,288,832,967
100,15,4,Heuristic,288,832,967
100,19,4,Simple,448,1152,1323
100,22,0,Simple,544,1368,943
100,22,1,Simple,592,1512,1087
100,22,8,Simple,616,1376,951
100,23,5,Simple,616,1456,684
100,23,6,Greedy,344,1024,1231
100,23,6,Heuristic,344,1024,1231
100,27,2,Greedy,400,1168,1095
100,27,2,Heuristic,400,1168,1095
100,28,9,Simple,808,1888,627
100,30,7,Simple,840,2104,772
100,33,3,Simple,752,2112,256
100,37,6,Simple,832,2144,1587
100,41,2,Simple,856,2288,1095
